amount,amount_deviation,location_change,new_device,merchant_risk,txn_velocity,is_night,device_change_frequency,label
14261.21,1.0677,0.0,0.0,0,1,0,0,0
44709.93,10.0,1.0,1.0,1,5,1,1,1
33189.16,10.0,1.0,1.0,1,3,1,1,1
2566.16,4.1722,0.5,0.0,0,1,0,0,1
9153.85,0.0,0.0,0.0,0,2,0,0,0
47632.31,10.0,1.0,1.0,1,5,1,3,1
14417.97,0.4257,0.0,0.0,1,1,0,0,1
88612.47,10.0,0.5,1.0,0,1,0,2,1
1746.88,0.0,0.0,0.0,0,1,0,0,0
7088.5,9.3388,0.0,0.0,0,3,0,0,1
6286.68,0.4519,0.0,0.5,0,7,1,1,1
3053.89,0.0,0.0,0.0,0,2,0,2,0
44735.39,10.0,0.0,0.5,0,7,1,2,1
90251.14,10.0,1.0,1.0,1,7,1,3,1
70192.4,10.0,0.5,0.0,1,4,1,1,1
4009.05,0.0,0.0,0.0,0,2,0,0,0
3638.41,0.0,0.0,0.0,0,2,0,0,0
57536.73,10.0,0.0,0.5,0,3,1,3,1
5236.5,6.8223,0.0,0.0,0,3,0,0,1
13161.32,8.0374,0.0,0.0,0,2,1,1,1
9500.19,4.2278,0.0,0.0,0,1,0,0,1
29453.64,10.0,0.5,0.5,0,7,1,2,1
14916.92,10.0,0.0,0.0,0,3,0,0,1
7637.12,0.0,0.0,0.5,0,3,0,0,0
10037.17,0.0,0.0,0.0,0,1,1,0,0
60322.06,10.0,0.0,1.0,0,1,0,3,1
2871.76,0.0,0.0,0.0,0,3,0,0,0
14850.91,10.0,0.0,0.0,0,3,0,0,1
49556.24,10.0,1.0,0.5,0,5,0,1,1
44444.24,10.0,0.0,0.5,0,9,1,2,1
52322.25,10.0,1.0,0.5,1,4,0,1,1
12631.93,10.0,0.0,0.0,0,2,0,0,1
4069.78,0.0,0.0,0.5,0,1,0,0,0
6640.86,6.5731,0.0,0.5,0,1,0,0,1
6299.8,3.3459,0.0,0.0,0,1,0,0,0
2638.2,10.0,0.0,0.0,0,1,0,0,1
689.11,0.0,0.0,0.0,0,3,1,2,0
8636.36,1.6441,0.0,0.0,0,3,0,0,0
34855.29,10.0,1.0,1.0,1,6,1,2,1
12674.68,10.0,0.0,0.0,0,1,1,0,1
14514.03,3.3686,0.0,0.0,0,2,0,0,0
8432.38,4.4451,0.0,0.0,0,1,0,0,1
13433.89,10.0,0.5,0.0,0,2,0,0,1
1258.43,0.0,0.0,0.0,0,1,0,2,0
29284.18,10.0,1.0,0.5,0,4,0,1,1
45580.35,10.0,1.0,1.0,1,5,1,1,1
55944.95,10.0,1.0,1.0,1,8,0,2,1
7230.19,0.8789,0.0,0.0,0,1,0,0,0
38592.55,10.0,0.0,0.0,0,9,1,1,1
61180.57,10.0,0.5,0.5,1,5,1,3,1
3802.32,0.0,0.0,0.0,0,1,0,0,0
691.24,0.0,0.0,0.0,0,2,0,0,0
8759.01,10.0,0.5,0.0,0,1,0,0,1
93764.9,10.0,1.0,1.0,1,9,0,1,1
13991.6,0.6773,0.0,0.0,0,3,0,0,0
14549.02,0.4314,0.0,0.0,0,3,0,0,0
14949.59,2.3992,0.5,0.0,0,2,0,0,0
12203.5,10.0,0.0,0.5,0,9,1,2,1
4623.58,0.0,0.0,0.0,0,3,0,0,0
10564.16,10.0,0.0,0.0,0,2,0,0,1
8216.22,0.5729,0.0,0.0,0,1,0,2,0
1002.88,1.5298,0.0,0.0,0,3,0,0,0
12828.52,4.33,0.0,1.0,0,3,0,3,1
54155.78,10.0,1.0,1.0,1,6,1,1,1
13414.32,10.0,0.0,0.0,0,2,0,1,1
48.9,0.0,0.0,0.5,0,2,0,0,0
10810.54,10.0,0.0,0.0,0,3,0,0,1
7993.93,6.6013,0.0,0.0,0,3,0,0,1
71551.47,10.0,1.0,1.0,1,8,1,3,1
8370.56,0.0,0.0,0.0,0,2,0,0,0
14006.04,10.0,0.0,0.0,0,2,0,0,1
1212.7,0.0,0.5,0.0,0,3,0,0,0
66027.19,10.0,0.5,1.0,0,2,1,2,1
3000.61,0.0,0.0,0.0,0,2,0,0,0
786.83,0.0,0.0,0.5,0,2,0,0,0
79782.34,10.0,0.5,0.5,1,6,0,2,1
75190.56,10.0,1.0,1.0,1,4,0,2,1
12378.74,10.0,0.0,0.5,0,2,0,0,1
5660.4,0.0,0.0,0.0,0,1,0,0,0
44342.25,10.0,0.5,1.0,0,3,0,1,1
11124.5,0.7346,0.0,0.0,0,1,0,0,0
13152.72,4.5037,0.0,0.0,0,3,0,0,1
38822.22,10.0,0.0,0.0,0,8,1,2,1
3417.99,0.0,0.0,0.5,0,2,0,0,0
13982.45,2.0991,0.5,0.0,0,3,0,0,0
14016.16,0.0404,0.0,0.5,0,2,0,0,0
3418.66,0.0,0.0,0.0,0,2,0,0,0
13798.64,8.0981,0.0,0.0,0,3,0,0,1
6289.69,0.0,0.0,0.0,0,1,0,1,0
27218.42,10.0,0.5,0.0,1,7,0,2,1
73748.32,10.0,1.0,1.0,1,9,1,2,1
7919.44,0.0,0.0,0.0,0,1,0,0,0
52231.96,10.0,0.0,1.0,1,4,1,1,1
41429.61,10.0,0.5,1.0,1,5,1,2,1
14831.04,1.8665,0.5,0.5,0,2,0,1,0
11041.21,0.0,0.0,0.0,0,1,0,0,0
24968.26,10.0,1.0,0.5,1,6,1,1,1
48752.82,10.0,0.5,0.5,1,8,0,1,1
7691.74,0.0,0.0,0.0,0,2,1,0,0
31287.35,10.0,1.0,1.0,1,6,1,2,1
9774.79,0.0,0.0,0.0,0,2,0,0,0
7419.17,0.0,0.0,0.0,0,2,0,0,0
38778.31,10.0,0.0,0.0,0,9,1,3,1
5955.77,0.0,0.0,0.0,0,3,0,0,0
8956.67,2.3669,0.0,0.0,0,1,0,0,0
1148.24,0.0,0.5,0.0,0,1,0,1,0
10361.5,2.5734,0.5,0.0,0,1,0,0,0
3752.52,0.0,0.5,0.5,0,2,0,2,0
13733.17,10.0,0.0,0.5,1,3,0,0,1
26889.84,10.0,0.5,1.0,0,3,0,3,1
10874.25,10.0,0.0,0.0,0,2,0,0,1
6268.42,0.0,0.0,0.0,0,3,0,0,0
70097.14,10.0,0.0,0.0,0,4,1,3,1
10986.75,10.0,0.0,0.0,0,1,0,0,1
6422.32,0.3713,0.0,0.5,0,3,0,1,0
7016.35,0.0,0.5,0.0,0,3,0,0,0
15769.19,5.6883,0.5,1.0,1,2,1,3,1
96387.69,10.0,0.5,0.0,1,2,0,3,1
3374.36,0.0106,0.0,0.0,0,1,0,0,0
675.21,0.0,0.0,0.5,0,2,0,0,0
33414.85,10.0,1.0,1.0,1,6,0,1,1
932.14,0.0,0.5,0.0,0,3,0,0,0
13023.73,10.0,0.0,0.0,0,1,0,0,1
2387.49,0.0,0.0,0.0,0,3,0,2,0
12483.69,6.2693,0.0,0.0,1,1,0,0,1
84589.18,10.0,1.0,1.0,1,7,0,3,1
2700.66,0.0,0.0,0.0,0,1,0,0,0
878.23,0.0,0.5,0.0,0,3,0,0,0
66078.01,10.0,1.0,1.0,1,3,1,2,1
6398.46,0.0,0.0,0.0,0,2,0,0,0
76167.36,10.0,0.0,1.0,0,5,1,3,1
4817.93,0.0,0.0,0.0,0,2,0,0,0
2791.03,0.0,0.0,0.0,0,3,0,0,0
14512.99,10.0,0.0,0.0,0,1,0,0,1
48829.54,10.0,1.0,1.0,1,7,1,2,1
7204.28,0.0,0.0,0.0,0,3,0,0,0
78545.65,10.0,0.0,0.5,0,4,0,1,1
1327.12,0.0,0.0,0.0,0,3,0,0,0
627.34,0.0,0.0,0.0,0,1,0,0,0
13065.83,0.6446,0.0,0.0,0,2,0,0,0
7900.78,0.0,0.0,0.0,0,1,0,0,0
11166.74,0.0,0.0,0.0,0,3,0,1,0
1232.08,0.0,0.0,0.0,0,1,0,0,0
6388.15,1.0863,0.5,0.0,0,1,0,0,0
13102.61,0.0,0.0,0.0,0,3,0,0,0
1982.2,0.0,0.0,0.0,1,3,0,0,1
1469.93,0.0,0.0,0.0,0,1,0,2,0
145.37,0.0,0.0,0.0,0,2,0,0,0
5061.68,0.0,0.0,0.0,0,2,0,0,0
9960.43,1.1267,0.0,0.0,0,3,0,0,0
95562.4,10.0,1.0,1.0,1,9,1,3,1
7613.45,10.0,0.5,0.5,0,2,0,1,1
7738.78,0.1821,0.0,0.0,0,2,0,0,0
1417.57,0.0,0.0,0.0,0,3,1,0,0
38981.6,10.0,1.0,1.0,0,2,0,1,1
14113.72,0.4592,0.0,0.0,0,2,0,1,0
11737.96,1.1799,0.0,0.0,0,2,0,1,0
6539.39,0.0,0.0,0.0,0,2,0,0,0
6735.92,4.1816,0.0,0.0,0,2,0,0,1
8140.03,0.0,0.5,0.0,0,1,0,0,0
9122.5,0.0,0.0,0.5,0,3,0,1,0
3659.8,0.0,0.5,0.0,0,1,0,0,0
13944.79,2.7184,0.0,0.0,0,1,0,0,0
9890.48,4.0965,0.0,0.0,0,7,0,2,1
8257.9,10.0,0.5,0.0,0,2,0,0,1
2629.85,0.0,0.0,0.0,0,2,0,1,0
1442.07,0.0,0.0,0.0,0,2,0,0,0
74938.01,10.0,1.0,1.0,1,8,1,1,1
7456.54,0.0,0.0,0.0,0,3,0,0,0
12282.42,1.7738,0.5,0.0,0,1,1,0,0
3407.58,0.0,0.0,0.0,0,3,0,0,0
10205.18,8.1873,0.0,0.0,0,2,0,0,1
911.53,0.0,0.0,0.0,0,2,0,0,0
5220.1,0.0,0.5,0.0,0,2,1,2,0
36505.04,10.0,1.0,1.0,1,6,0,2,1
32531.23,10.0,1.0,1.0,1,5,1,2,1
8311.5,3.701,0.0,0.0,0,3,0,0,0
5871.73,0.0,0.0,0.0,0,2,0,0,0
4577.14,10.0,0.0,0.0,0,2,0,0,1
96137.94,10.0,0.5,0.0,0,6,0,2,1
38523.33,10.0,1.0,1.0,1,9,0,1,1
13142.82,6.0464,0.0,0.0,0,3,0,0,1
6902.41,10.0,0.0,0.0,1,3,0,0,1
3988.16,1.597,0.0,0.0,0,1,0,0,0
7910.35,1.6994,0.0,0.0,0,3,0,0,0
83851.34,10.0,1.0,1.0,1,6,0,1,1
2065.27,0.0,0.0,0.0,1,2,0,0,1
3995.11,0.0,0.0,0.0,0,2,0,0,0
5644.57,0.0,0.0,0.0,1,1,0,2,1
3827.51,0.0,0.5,0.0,0,2,0,0,0
53333.54,10.0,0.5,0.0,1,4,1,1,1
9888.94,0.0,0.0,0.0,0,3,0,0,0
9923.95,10.0,0.0,0.0,0,2,0,0,1
4438.72,0.0,0.0,0.0,0,2,0,0,0
7179.05,0.0,0.0,0.0,0,1,0,0,0
9850.61,10.0,0.5,0.0,0,3,0,0,1
12793.94,10.0,0.0,0.5,1,8,0,2,1
12699.25,0.0,0.0,0.0,0,2,0,0,0
23007.84,10.0,0.0,1.0,0,2,0,3,1
2268.63,0.0,0.0,0.0,0,2,0,0,0
9548.01,0.0,0.0,0.0,0,1,1,0,0
41165.82,10.0,1.0,0.5,0,4,0,2,1
12601.06,0.0846,0.0,0.0,0,3,0,0,0
1879.46,0.0,0.0,0.0,0,2,0,0,0
9884.64,3.7422,0.0,0.5,0,9,1,2,1
8414.29,0.0,0.0,0.0,0,1,0,0,0
11191.42,0.0,0.0,0.0,0,2,0,0,0
4064.57,0.0,0.5,0.0,0,7,1,3,1
19807.81,7.6118,0.0,0.5,0,7,1,3,1
78836.94,10.0,1.0,1.0,1,7,1,2,1
88935.35,10.0,1.0,1.0,1,9,0,2,1
757.13,0.0,0.0,0.0,0,2,0,0,0
9857.76,0.0,0.0,0.0,0,3,0,0,0
5574.39,0.0,0.0,0.0,0,3,0,1,0
4734.69,0.0,0.0,0.0,0,3,1,0,0
11817.82,1.0519,0.5,0.0,0,1,0,0,0
9131.82,5.5107,0.0,0.0,0,3,0,0,1
3418.87,0.0,0.0,0.0,0,2,0,0,0
41530.34,10.0,1.0,0.5,0,3,0,3,1
12097.99,6.5306,0.0,0.0,0,2,0,0,1
3081.17,0.0,0.0,0.0,0,2,0,0,0
1421.34,0.0,0.0,0.0,0,3,0,0,0
14467.51,10.0,0.0,0.0,0,1,0,0,1
13687.52,9.4107,1.0,1.0,0,3,0,2,1
79906.03,10.0,0.0,0.0,0,3,0,3,1
12056.02,1.5119,0.0,0.5,0,1,0,2,0
2441.88,10.0,0.0,0.0,0,2,0,2,1
12287.76,1.6415,0.0,0.0,0,1,0,0,0
5034.77,2.9514,0.0,0.0,0,2,0,0,0
9770.7,0.2363,0.0,0.0,1,3,0,0,1
55533.52,10.0,1.0,1.0,1,1,1,3,1
12997.13,10.0,0.0,0.0,0,2,1,0,1
895.82,0.0,0.0,0.0,0,2,0,0,0
8204.26,1.11,0.0,0.0,0,2,1,0,0
4390.35,0.0,0.0,0.0,1,3,0,0,1
9529.99,2.4841,0.0,0.0,0,1,0,0,0
8979.38,5.3206,0.0,0.0,0,2,0,0,1
2788.1,7.7717,0.0,0.0,0,2,0,0,1
11791.04,1.2124,0.5,0.0,0,7,0,1,1
45623.15,10.0,0.5,0.0,1,9,0,3,1
11834.15,0.7692,0.0,0.0,0,3,0,2,0
14757.77,10.0,0.0,0.0,0,2,0,0,1
72523.81,10.0,0.0,0.0,0,6,1,1,1
12813.5,10.0,0.0,0.0,0,1,0,0,1
69851.36,10.0,0.0,0.0,0,5,0,1,1
682.35,0.0,0.0,0.0,0,1,0,0,0
12358.62,0.0,0.0,0.0,0,1,0,0,0
3857.85,0.0,0.0,0.0,0,1,0,0,0
14126.47,1.3444,0.0,0.0,0,2,0,0,0
58469.9,10.0,1.0,1.0,0,5,1,1,1
7992.07,1.4847,0.0,0.5,0,3,0,0,0
12685.61,0.9647,0.0,0.0,0,2,0,0,0
6757.35,0.0,0.0,0.0,0,3,0,0,0
5624.55,5.41,0.0,0.0,0,3,0,0,1
5115.66,10.0,0.0,0.0,0,2,0,0,1
1587.84,0.0,0.0,0.5,0,1,0,0,0
14481.95,10.0,0.5,1.0,1,5,0,1,1
5628.31,0.0,0.5,0.0,0,3,1,0,0
5112.4,0.0,0.0,0.0,0,3,0,0,0
10638.12,10.0,0.0,0.0,0,3,0,0,1
2266.32,0.0,0.0,0.0,0,2,0,0,0
40358.89,10.0,1.0,1.0,1,9,1,3,1
10834.93,0.9791,0.0,0.0,0,1,0,0,0
97455.66,10.0,0.5,0.5,0,2,0,3,1
7674.02,0.1407,0.0,0.5,0,3,0,0,0
7152.49,0.0,0.0,0.0,0,3,0,0,0
94846.78,10.0,1.0,1.0,1,6,0,2,1
9491.84,0.0,0.0,0.0,0,2,0,2,0
1356.28,10.0,0.0,0.0,0,1,0,0,1
11494.08,0.0,0.0,0.0,0,2,0,0,0
9485.03,0.3081,0.0,0.0,0,2,0,0,0
10609.23,10.0,0.0,0.0,0,3,0,0,1
3718.1,0.0,1.0,1.0,1,1,1,3,1
9720.78,10.0,0.0,0.0,0,2,0,0,1
12498.02,9.3312,0.0,0.5,1,8,0,2,1
2387.78,0.0,0.0,0.0,0,1,0,0,0
53135.42,10.0,0.5,0.0,1,4,1,1,1
92135.75,10.0,0.5,0.5,0,5,0,3,1
7326.05,0.0,1.0,0.5,1,4,1,1,1
9999.12,0.0,0.5,0.0,0,1,0,0,0
1581.07,0.0,0.0,0.0,0,2,0,0,0
2798.48,0.0,0.0,0.0,0,2,1,0,0
9120.2,7.4882,0.0,0.0,0,1,0,0,1
1289.27,3.2304,0.0,0.0,0,3,0,0,0
5066.81,10.0,0.0,0.0,0,1,1,0,1
13165.93,10.0,0.0,0.0,0,1,0,1,1
1155.01,0.0,0.0,0.0,0,1,0,0,0
5582.37,10.0,0.0,0.5,0,1,0,0,1
4374.25,2.7766,0.0,0.0,0,2,0,0,0
877.09,0.0,0.0,0.5,0,3,0,0,0
15770.82,4.4678,1.0,1.0,0,2,1,1,1
13597.25,10.0,0.0,0.5,0,2,0,1,1
10354.55,0.0,0.0,0.0,0,2,0,0,0
10197.51,10.0,0.0,0.0,0,1,0,0,1
7225.19,0.0,0.0,0.5,0,3,0,2,0
7478.56,0.5825,0.0,0.0,0,2,0,0,0
14717.86,10.0,0.5,0.5,1,1,1,2,1
13119.68,1.4275,0.0,0.0,0,9,0,1,1
11768.47,4.062,0.0,0.0,0,2,0,0,1
4275.24,6.7742,1.0,1.0,0,5,1,3,1
7425.18,0.0,0.0,0.0,0,3,1,0,0
11815.36,7.919,0.0,0.0,0,2,0,1,1
3320.58,10.0,0.0,0.0,0,1,0,0,1
6418.25,0.8791,0.0,0.0,0,2,1,0,0
7150.27,0.0,0.0,0.0,0,3,0,0,0
4435.67,0.0,0.0,0.0,0,2,0,0,0
7739.73,0.9934,0.0,0.5,0,1,0,0,0
7842.43,10.0,0.0,0.0,0,3,1,0,1
11990.38,2.3928,0.0,0.5,0,7,0,1,1
12253.52,10.0,0.5,0.0,1,2,0,0,1
1186.05,0.0,0.0,0.0,0,3,0,0,0
14238.64,3.6048,0.0,0.0,0,3,0,2,0
64674.41,10.0,1.0,1.0,0,5,0,1,1
48947.75,10.0,0.0,0.0,0,9,1,2,1
19833.4,5.7968,0.0,0.0,0,8,1,3,1
10595.84,1.2255,0.0,0.0,0,1,1,0,0
3408.64,0.0,0.0,0.0,0,2,0,0,0
68353.06,10.0,1.0,1.0,0,2,1,2,1
2879.5,0.0,0.0,0.0,0,3,0,0,0
10166.34,10.0,0.0,0.5,0,3,0,0,1
11266.59,10.0,0.0,0.0,1,2,0,2,1
1708.42,0.0,0.0,0.0,0,3,0,0,0
4035.32,0.0,0.5,0.0,0,1,1,0,0
10440.0,4.0616,0.0,0.0,0,2,0,0,1
9154.01,5.2251,0.0,0.0,0,2,0,0,1
70873.52,10.0,1.0,1.0,0,4,1,1,1
14044.64,1.9025,0.0,0.0,0,2,1,0,0
10094.4,6.9689,1.0,0.5,1,2,1,1,1
14943.97,10.0,0.0,0.0,0,3,0,2,1
452.27,0.0,0.0,0.5,0,2,0,0,0
1226.43,0.0,0.0,0.0,0,1,0,0,0
3807.82,0.0,0.0,0.0,0,3,0,0,0
13431.24,1.0204,0.0,0.0,0,2,0,0,0
14044.85,10.0,0.0,0.0,0,2,0,0,1
13907.39,10.0,0.0,0.0,0,2,0,0,1
14138.54,0.8283,0.0,0.0,0,1,0,0,0
8037.95,2.4241,0.0,0.0,0,3,1,0,0
7589.46,0.0,0.0,0.0,0,3,0,0,0
13266.8,6.5479,0.0,0.0,0,3,0,0,1
3451.68,6.3362,0.0,0.0,0,2,0,0,1
6218.87,0.0,0.0,0.0,0,2,0,0,0
28182.56,10.0,0.5,1.0,0,3,1,3,1
6183.85,0.0,0.0,0.0,0,1,0,0,0
1766.89,0.0,0.0,0.0,0,1,0,0,0
11649.57,0.7555,0.0,0.0,0,3,0,0,0
35166.5,10.0,0.5,0.0,0,8,1,1,1
7663.32,0.0,0.0,0.0,0,1,0,2,0
9904.44,0.0369,0.5,0.5,0,7,1,2,1
14957.76,3.9865,0.0,0.0,0,3,0,0,0
689.34,0.0,0.0,0.0,0,1,0,0,0
8230.8,10.0,0.0,0.0,0,3,0,0,1
50396.96,10.0,0.0,1.0,1,4,0,1,1
35786.72,10.0,0.5,1.0,0,5,1,1,1
4071.43,1.7435,0.0,0.0,0,2,0,0,0
12350.78,1.5197,1.0,0.5,0,3,1,1,1
51637.19,10.0,0.0,1.0,0,4,0,3,1
87045.78,10.0,1.0,1.0,1,8,0,2,1
5531.52,0.0,0.0,0.0,0,3,0,0,0
11758.75,5.1507,0.0,0.0,0,1,0,0,1
34707.91,10.0,1.0,1.0,1,7,0,1,1
14964.45,10.0,0.0,0.0,0,3,0,0,1
33062.76,10.0,0.0,0.5,1,8,1,3,1
9296.7,0.3463,0.0,0.0,0,1,0,0,0
2085.15,0.0,0.0,0.0,0,1,0,0,0
7417.27,0.0,0.5,0.0,0,1,0,0,0
14125.96,10.0,0.0,0.0,0,2,0,0,1
6213.27,9.082,0.0,0.0,0,2,0,0,1
10497.6,0.0,0.5,0.0,0,2,1,0,0
9642.24,10.0,0.0,0.0,0,1,0,0,1
13215.79,0.0,0.0,0.0,0,3,0,0,0
14958.6,10.0,0.0,0.5,0,3,0,0,1
6536.55,0.3305,0.0,0.0,0,2,0,0,0
3705.9,2.0149,0.5,0.5,1,9,0,3,1
4900.55,0.5276,0.0,0.0,0,1,0,2,0
2212.36,0.0,0.0,0.0,0,3,0,0,0
32802.98,10.0,1.0,1.0,1,5,1,3,1
5941.66,0.0,0.0,0.0,0,2,0,0,0
4714.99,0.0,0.5,0.0,0,3,0,0,0
8398.09,0.0,0.0,0.0,0,3,0,0,0
92291.86,10.0,1.0,1.0,1,5,0,2,1
6047.61,0.0,0.0,0.0,0,1,0,0,0
54675.49,10.0,1.0,1.0,0,2,0,3,1
10944.66,1.3525,0.5,0.0,0,1,0,0,0
73643.45,10.0,1.0,1.0,1,6,0,2,1
67561.62,10.0,0.0,0.5,1,3,1,2,1
8853.32,10.0,0.0,0.0,0,3,0,2,1
10624.75,1.614,0.0,0.0,0,3,0,2,0
1859.78,0.0,0.0,0.5,1,3,0,0,1
6990.58,0.0,0.0,0.5,0,3,0,0,0
1891.04,0.0,0.0,0.0,0,2,0,0,0
6472.37,10.0,0.0,0.0,0,2,0,2,1
9804.22,10.0,0.0,0.0,0,2,0,0,1
164.16,0.0,0.0,0.5,0,3,0,0,0
1343.96,0.0,0.5,0.5,0,2,0,0,0
14374.55,10.0,0.0,0.5,0,9,1,2,1
9716.27,8.933,0.0,0.0,0,1,0,0,1
6173.85,0.0597,0.0,0.5,0,3,0,0,0
14103.91,1.5506,0.0,0.0,0,2,0,2,0
6513.32,10.0,0.0,0.5,0,3,0,0,1
46195.21,10.0,1.0,1.0,0,2,1,3,1
1575.77,0.0,0.0,0.5,0,1,1,0,0
9257.99,0.0,0.0,0.0,0,1,0,0,0
486.36,0.0,0.0,0.0,0,1,0,0,0
3800.34,0.0,0.0,0.0,0,1,0,0,0
13581.97,4.0567,1.0,1.0,0,6,1,1,1
11430.64,0.0,0.0,0.0,0,2,0,0,0
51826.15,10.0,1.0,1.0,1,7,0,2,1
3367.5,0.0,0.0,0.0,0,3,0,0,0
12506.32,0.0821,0.0,0.0,0,1,0,0,0
28260.07,10.0,0.5,0.5,0,7,0,3,1
22462.75,6.2928,1.0,1.0,1,4,0,3,1
7367.88,1.7043,1.0,0.5,0,5,0,2,1
12671.54,4.4777,0.5,0.0,0,2,0,0,1
4884.92,10.0,0.0,0.5,1,1,0,0,1
12083.4,0.0,0.0,0.0,1,3,1,0,1
6470.45,2.6,0.0,0.0,0,3,0,0,0
89860.76,10.0,0.5,0.0,0,6,0,2,1
3849.2,0.9077,0.0,1.0,0,1,0,2,1
3213.34,0.0,0.0,0.0,0,1,0,0,0
18841.53,10.0,0.5,0.0,1,8,1,3,1
21879.94,10.0,0.5,0.0,0,7,1,2,1
3477.4,0.7946,0.0,0.5,1,9,1,1,1
5022.67,0.0,0.0,0.0,0,3,1,0,0
5204.92,0.0,0.0,0.0,0,3,0,0,0
3904.82,0.0,0.0,0.0,0,2,0,0,0
6173.99,1.9409,0.0,0.5,0,9,1,2,1
57810.92,10.0,0.0,1.0,1,7,0,3,1
11522.4,3.2785,0.0,0.0,0,2,0,0,0
45382.87,10.0,1.0,1.0,1,2,1,1,1
11715.98,0.0,0.0,0.0,0,2,0,0,0
10150.49,0.4921,0.0,0.0,0,2,0,0,0
14146.5,6.3966,0.0,0.0,0,1,0,0,1
99845.46,10.0,0.5,0.5,0,4,1,1,1
24652.96,10.0,0.5,0.0,0,8,0,1,1
8884.33,10.0,0.0,0.0,0,2,0,2,1
49581.22,10.0,0.5,0.5,0,7,0,2,1
3812.0,0.0,0.5,0.0,0,3,0,0,0
9979.19,0.9598,0.0,0.0,0,3,0,0,0
9677.09,6.5095,0.0,0.0,0,3,0,0,1
13417.12,0.2324,0.0,0.0,0,2,0,0,0
65746.61,10.0,0.0,1.0,0,6,0,3,1
6962.58,1.8456,0.0,0.0,0,1,0,0,0
10002.59,10.0,0.0,0.0,0,3,0,0,1
38607.44,10.0,0.5,0.5,0,7,1,2,1
4241.11,0.0,0.0,0.0,0,3,0,0,0
21261.58,10.0,1.0,0.5,1,4,0,1,1
13470.05,0.3949,0.0,0.0,0,1,1,0,0
5066.17,0.0,0.0,0.5,1,1,0,0,1
5945.1,0.0,0.0,0.5,0,3,0,0,0
12238.38,6.0705,0.0,0.0,0,3,0,0,1
1736.04,0.0,0.0,0.0,0,2,0,0,0
9734.99,0.0,0.0,0.0,0,2,0,0,0
8970.38,10.0,0.0,0.5,1,8,1,1,1
5188.76,0.0,0.0,0.0,0,2,0,1,0
30980.63,10.0,0.0,1.0,1,2,1,2,1
9455.1,0.0,0.0,0.5,0,2,1,0,0
9053.98,0.0,0.0,0.5,0,2,0,0,0
340.77,0.0,0.0,0.0,0,3,0,0,0
37970.36,10.0,1.0,0.5,0,6,1,3,1
8824.13,1.9533,0.0,0.0,0,1,0,0,0
21341.12,10.0,0.0,0.0,0,8,0,2,1
19688.26,10.0,1.0,1.0,1,5,0,1,1
776.74,0.0,0.0,0.0,0,3,0,0,0
99620.74,10.0,1.0,1.0,1,5,1,3,1
12336.86,0.0,0.0,0.0,0,1,0,0,0
46621.69,10.0,1.0,1.0,1,2,0,1,1
36379.84,10.0,1.0,1.0,1,8,0,3,1
11491.91,2.8735,0.0,0.0,1,3,1,0,1
1730.16,0.0,0.0,0.0,0,2,0,0,0
1100.3,0.0,0.0,0.5,0,2,1,0,0
9464.45,0.0,0.0,0.0,0,3,0,0,0
97859.89,10.0,0.0,0.5,0,6,0,3,1
2003.82,0.0,0.0,0.5,1,1,0,0,1
10513.88,0.4964,0.0,0.0,0,3,0,0,0
66544.9,10.0,1.0,1.0,1,2,1,1,1
11945.69,0.294,0.0,0.0,0,1,0,0,0
5355.54,0.0,1.0,1.0,0,6,0,3,1
6750.35,4.6893,1.0,1.0,0,1,1,1,1
64616.48,10.0,1.0,1.0,1,7,0,3,1
11250.4,0.0,0.0,0.0,0,3,0,0,0
8848.91,10.0,0.0,0.0,0,1,0,0,1
12179.87,10.0,0.0,0.0,0,3,0,1,1
12117.69,0.0,0.0,0.0,0,1,0,0,0
56882.35,10.0,0.0,1.0,0,2,0,2,1
613.93,0.0,0.5,0.0,0,1,1,0,0
11490.22,0.275,0.0,0.0,0,1,0,0,0
5510.75,9.1728,0.0,0.0,0,3,0,2,1
5559.78,0.0,0.0,0.0,1,3,0,0,1
4018.56,0.0,0.0,0.0,0,1,0,2,0
56976.32,10.0,1.0,0.5,1,2,1,2,1
12037.92,0.0,0.5,0.0,0,2,1,2,0
12879.01,10.0,0.0,0.0,0,3,0,0,1
14392.49,10.0,0.0,0.0,0,1,0,0,1
9068.65,0.8913,0.0,0.0,0,2,0,0,0
13190.4,1.5846,0.0,0.0,0,2,0,1,0
51111.01,10.0,0.0,1.0,1,5,1,1,1
26850.62,9.9969,0.0,0.5,1,9,1,2,1
21497.89,10.0,0.0,1.0,1,1,1,1,1
13426.9,0.1621,0.0,0.0,0,1,0,0,0
12686.35,10.0,0.0,0.0,0,2,0,0,1
12659.75,0.9095,0.0,0.0,0,1,0,0,0
3640.2,7.1047,0.0,0.0,0,2,0,0,1
4124.86,0.0,0.0,0.0,0,1,0,1,0
485.52,0.0,0.0,0.0,0,2,0,0,0
12864.38,10.0,0.0,0.0,0,3,0,0,1
1039.04,0.0,0.0,0.0,0,2,0,0,0
5659.23,0.0,0.0,0.0,0,3,0,0,0
4726.29,0.0,0.5,0.0,0,1,0,1,0
68124.16,10.0,1.0,1.0,1,9,0,3,1
208.3,0.0,0.5,0.5,0,3,1,0,0
13177.45,0.0,0.0,0.0,0,2,0,0,0
11094.64,0.9907,0.0,0.0,0,1,0,1,0
14304.95,10.0,0.0,0.0,0,1,0,0,1
9307.42,1.2235,0.0,0.0,0,1,1,1,0
10451.46,0.0,0.0,0.0,0,2,0,0,0
5738.03,10.0,0.0,0.0,0,1,0,0,1
2905.47,0.0,0.0,0.0,0,1,0,0,0
4748.36,10.0,0.0,0.0,0,2,0,0,1
100.65,0.0,0.0,0.5,0,2,0,0,0
13268.34,2.2884,0.0,0.0,0,2,0,1,0
14281.42,1.0383,0.0,0.0,0,3,0,2,0
6362.31,0.6131,0.0,0.0,0,2,0,0,0
4689.76,0.0,0.0,0.5,0,2,0,0,0
12677.14,9.8556,0.0,0.0,0,1,0,0,1
9928.94,10.0,0.0,0.0,0,3,0,0,1
9201.15,0.0,0.5,0.0,0,2,0,0,0
3635.32,0.0,0.5,0.0,1,7,0,3,1
7390.51,0.0,0.0,0.0,0,2,0,2,0
40971.52,10.0,0.5,0.0,1,9,1,1,1
55069.98,10.0,1.0,1.0,1,2,1,3,1
75904.34,10.0,0.5,0.0,0,6,1,2,1
56159.09,10.0,1.0,1.0,1,3,1,2,1
7239.29,10.0,0.0,0.0,0,2,0,1,1
2764.93,0.0,0.0,0.0,0,2,0,0,0
13616.47,5.1526,0.5,0.0,1,7,1,1,1
46209.61,10.0,0.0,0.0,1,8,1,2,1
189.93,0.0,0.0,0.0,1,2,0,0,1
6442.95,10.0,0.0,0.0,0,2,0,0,1
6999.14,0.0,0.0,0.0,0,3,0,0,0
69663.68,10.0,0.5,1.0,0,5,1,1,1
3478.05,0.0,0.0,0.0,0,1,0,0,0
6840.19,0.0,0.0,0.0,0,1,0,0,0
2477.34,7.9932,0.0,0.0,0,3,0,0,1
5661.02,0.0,0.0,0.5,0,3,0,0,0
13198.77,0.9627,0.0,0.0,0,2,0,0,0
4477.12,0.0,0.0,0.0,0,1,0,0,0
2227.9,0.0,0.0,0.0,0,3,0,0,0
12251.66,0.0,0.0,0.5,0,3,0,1,0
7326.88,0.0,0.0,0.0,0,1,0,2,0
57938.83,10.0,1.0,1.0,1,7,0,1,1
3592.83,0.0,0.0,0.0,0,1,0,0,0
9127.09,1.1389,0.0,0.0,0,2,0,0,0
6476.56,0.0648,1.0,1.0,0,2,1,1,1
25727.23,10.0,0.5,0.0,0,9,0,3,1
12853.96,4.0115,0.0,0.0,0,2,0,2,1
12955.98,0.0,0.0,0.0,0,3,0,0,0
16257.72,5.3687,0.0,0.0,0,7,1,2,1
10733.56,0.0,0.0,0.0,0,2,0,2,0
796.7,0.0,0.0,0.0,0,1,0,0,0
35544.92,10.0,1.0,1.0,1,5,1,1,1
6861.32,2.1348,0.0,0.0,0,3,0,0,0
13312.49,0.0,0.0,0.5,1,3,0,0,1
3948.19,0.0,0.5,0.0,0,1,0,0,0
58940.13,10.0,0.0,1.0,0,4,1,3,1
5899.71,2.5342,0.0,0.0,0,3,0,0,0
11825.13,10.0,0.0,0.0,0,2,0,0,1
6090.62,3.5411,0.0,0.0,0,1,0,0,0
59465.68,10.0,1.0,1.0,1,4,1,1,1
7267.75,0.0,0.0,0.0,0,1,0,0,0
26130.28,10.0,0.5,0.5,1,8,1,2,1
9903.3,4.9953,0.0,0.0,0,3,0,0,1
10354.95,0.0,0.0,0.0,0,3,0,0,0
41265.87,10.0,0.0,0.0,0,9,1,2,1
7716.09,0.0,0.0,0.0,0,1,0,0,0
8525.21,7.2338,1.0,1.0,0,4,1,2,1
4651.94,0.0,0.0,0.0,0,1,0,0,0
63557.84,10.0,0.0,0.0,0,1,1,3,1
6671.49,1.4739,0.0,0.0,0,1,0,0,0
10311.64,10.0,0.0,0.0,0,3,0,0,1
24925.51,8.2176,0.5,1.0,0,5,1,1,1
7976.87,0.7318,0.0,0.0,0,1,0,0,0
39744.73,10.0,1.0,1.0,0,4,0,3,1
4848.92,1.0453,0.0,0.5,0,1,0,0,0
13497.15,1.8624,0.0,0.0,0,1,0,0,0
90632.86,10.0,1.0,1.0,1,7,1,2,1
40106.31,10.0,0.5,1.0,0,1,1,3,1
9394.56,10.0,0.0,0.0,0,1,0,0,1
14542.67,4.4987,0.0,0.5,0,2,0,1,1
9047.36,0.0,0.0,0.0,0,2,1,0,0
9698.19,0.0,0.0,0.5,0,2,0,0,0
30042.11,10.0,0.5,0.0,0,8,0,2,1
5080.08,0.0,0.0,0.0,0,2,0,0,0
1887.52,0.0,0.0,0.0,0,3,0,1,0
3677.38,0.0,0.0,0.0,0,2,0,1,0
26187.15,10.0,0.5,0.0,0,7,0,1,1
13045.55,10.0,0.5,0.0,0,2,0,0,1
4907.82,0.0,0.0,0.0,0,3,0,0,0
13397.77,1.5943,0.0,0.0,0,3,1,0,0
86899.57,10.0,1.0,1.0,1,9,1,2,1
852.65,0.0,0.0,0.0,0,1,0,1,0
18982.85,10.0,0.0,1.0,0,1,0,3,1
3500.86,1.5851,0.0,0.0,0,3,1,0,0
21214.95,10.0,1.0,1.0,1,4,0,1,1
54884.2,10.0,1.0,0.5,1,5,0,1,1
1074.85,0.0,0.0,0.0,0,1,0,0,0
2965.77,6.7521,0.5,0.0,0,1,0,0,1
31807.97,10.0,0.0,0.0,1,7,1,3,1
2462.61,0.0,0.5,0.5,0,3,1,0,0
72995.3,10.0,0.0,1.0,1,4,0,2,1
14292.99,10.0,0.0,0.0,0,1,0,0,1
6546.68,6.9089,1.0,0.5,1,3,1,2,1
13029.61,10.0,0.0,0.5,0,1,0,0,1
10186.52,10.0,0.0,0.0,1,1,1,0,1
19944.47,10.0,1.0,0.5,1,6,0,2,1
10637.37,0.0,0.0,0.0,0,3,0,2,0
7252.19,10.0,0.5,0.0,0,2,0,0,1
14943.41,3.1838,0.0,0.0,0,2,0,0,0
27956.06,10.0,1.0,0.5,0,5,1,2,1
2599.62,0.0,0.5,0.0,0,3,0,0,0
3557.89,0.0,0.5,1.0,1,3,1,1,1
81255.34,10.0,1.0,1.0,1,6,1,1,1
6240.26,1.6871,0.0,0.0,0,2,0,1,0
7207.95,0.0,0.5,0.0,0,2,0,0,0
47523.82,10.0,1.0,1.0,1,6,1,3,1
2250.05,0.0,0.0,0.0,0,2,0,2,0
7763.91,10.0,0.0,0.0,0,3,0,0,1
14467.68,9.541,0.5,0.0,0,1,0,0,1
3318.28,0.0,0.0,0.0,0,3,0,0,0
10700.02,7.106,1.0,1.0,1,3,0,2,1
9755.2,0.0,0.0,0.0,0,2,0,0,0
14207.82,4.0056,0.0,0.0,0,2,1,0,1
3021.66,0.0,0.0,0.5,0,1,0,1,0
264.37,0.0,0.0,0.0,0,3,0,0,0
14300.21,0.1766,0.0,0.0,0,1,0,0,0
76826.74,10.0,0.0,0.0,1,1,0,2,1
3805.45,0.0,0.5,0.0,0,2,0,0,0
12227.08,10.0,0.0,0.5,0,2,0,1,1
39272.58,10.0,1.0,0.5,0,5,1,2,1
1910.76,0.0,0.0,0.0,0,2,0,1,0
12221.23,0.0,0.5,0.0,0,3,0,0,0
5085.78,10.0,0.0,0.5,0,3,0,0,1
5017.34,10.0,0.5,0.0,0,1,0,0,1
13160.87,10.0,0.0,0.0,0,1,0,0,1
60300.2,10.0,0.5,0.0,1,3,0,1,1
37088.44,10.0,1.0,0.5,0,3,0,3,1
1908.29,0.0,0.0,0.0,0,2,0,0,0
55308.2,10.0,1.0,0.5,0,5,1,3,1
12559.06,0.0,0.0,0.0,0,3,0,0,0
1171.48,10.0,0.0,0.5,0,2,0,0,1
11108.27,10.0,0.0,0.0,0,1,1,0,1
764.34,0.0,0.0,0.0,0,3,0,0,0
247.62,0.0,0.0,0.0,0,3,0,0,0
23788.48,10.0,0.0,1.0,0,2,0,1,1
10848.63,1.6957,0.0,0.0,0,2,0,0,0
37065.91,10.0,1.0,1.0,1,6,0,1,1
1413.56,0.0,0.0,0.0,0,2,0,2,0
4740.15,0.0,0.0,0.0,0,1,0,0,0
8490.47,10.0,0.0,0.0,0,3,0,0,1
4449.86,0.0,0.5,0.5,0,8,1,2,1
2395.79,0.0,0.0,0.0,0,2,0,0,0
9104.68,7.7446,0.0,0.0,0,3,0,0,1
27943.97,6.573,0.0,0.5,0,9,1,2,1
73102.51,10.0,0.5,0.5,1,6,0,2,1
9969.71,1.3313,0.5,0.0,0,1,0,0,0
8444.2,0.0,0.0,0.0,0,2,0,0,0
11171.51,0.0,0.5,0.0,0,2,0,0,0
11746.02,3.1254,0.0,0.0,0,3,0,0,0
12730.61,0.0,0.0,0.0,0,1,0,0,0
449.2,0.0,0.0,0.0,0,2,0,0,0
13073.61,6.7623,0.0,0.0,0,2,0,0,1
45115.3,10.0,0.5,0.5,1,9,0,3,1
56433.42,10.0,0.5,1.0,0,3,1,3,1
14526.6,3.3292,0.5,0.0,0,1,0,0,0
18481.75,9.8363,0.0,0.5,0,8,0,2,1
80267.12,10.0,1.0,1.0,1,9,0,1,1
4171.6,0.0,1.0,1.0,0,3,0,2,1
86363.7,10.0,0.0,0.5,1,4,1,3,1
6611.21,0.0,0.0,0.5,0,2,0,0,0
3132.08,0.0947,0.0,0.0,0,1,0,0,0
23798.6,10.0,0.0,0.5,1,8,1,1,1
14948.1,6.4798,1.0,0.5,0,2,0,1,1
14316.8,0.2937,0.0,0.0,0,2,0,0,0
7268.35,10.0,0.0,0.5,0,2,0,0,1
58400.01,10.0,1.0,1.0,1,8,0,1,1
7306.4,0.0,0.0,0.0,0,3,0,0,0
14534.48,0.9455,0.0,0.0,0,1,0,0,0
6093.12,0.0,0.0,0.0,0,1,0,0,0
3580.76,0.0,0.0,0.0,0,2,0,0,0
51260.9,10.0,1.0,0.5,1,5,0,2,1
3107.58,0.0,0.0,0.0,0,3,0,1,0
9413.44,0.8492,0.0,0.5,0,3,0,0,0
3496.73,5.095,0.0,0.5,0,3,1,0,1
2835.61,0.0,0.0,0.0,0,3,0,0,0
11256.57,5.5557,0.0,0.0,0,3,0,0,1
14328.08,10.0,0.0,0.0,0,2,0,0,1
6309.54,0.0,0.0,0.0,0,2,1,0,0
8538.13,0.0,0.0,0.0,0,2,0,0,0
85335.95,10.0,1.0,1.0,1,7,0,3,1
38686.28,10.0,0.0,0.0,0,7,0,1,1
3883.31,0.0,0.0,0.0,0,1,0,0,0
59984.29,10.0,0.0,1.0,0,3,0,3,1
12277.23,10.0,0.0,0.0,0,3,0,0,1
14218.47,10.0,0.0,0.0,0,2,0,0,1
13422.27,10.0,0.0,0.0,0,2,0,0,1
6137.07,0.0,0.0,0.0,0,1,0,0,0
5207.31,0.0,0.0,0.0,0,2,0,0,0
13100.93,10.0,0.0,0.0,0,2,0,0,1
3505.48,0.0,0.0,0.0,0,1,0,0,0
3274.53,0.0,0.0,0.0,0,1,0,0,0
11183.51,5.0583,0.0,0.0,0,1,0,0,1
7478.0,0.8188,0.0,0.0,0,2,0,0,0
13303.75,0.0,0.0,0.0,0,1,0,1,0
3361.8,0.0,0.0,0.0,0,2,1,0,0
11228.39,1.7016,1.0,1.0,0,6,1,3,1
6124.33,1.5644,0.0,0.0,0,1,0,0,0
6983.43,10.0,0.0,0.0,1,2,1,2,1
3971.85,0.0,0.0,0.0,0,3,0,0,0
14839.31,10.0,0.0,0.0,0,1,0,0,1
12929.59,2.3612,0.0,0.0,0,1,0,0,0
4699.54,8.4328,0.0,0.0,0,3,0,0,1
14369.1,0.6012,0.0,0.0,0,3,0,0,0
27238.06,10.0,0.5,0.0,0,8,0,2,1
3519.2,10.0,0.0,0.5,0,2,0,0,1
13562.66,10.0,0.0,0.0,1,1,0,0,1
7721.64,1.5749,0.0,0.0,0,2,0,0,0
9040.59,10.0,0.0,0.5,0,3,0,1,1
3516.5,0.5258,0.0,0.0,0,1,0,0,0
5109.94,0.0,0.0,0.0,0,1,0,0,0
6987.65,0.0,0.0,0.0,0,2,0,0,0
12525.14,0.4262,0.0,0.0,0,2,0,0,0
31814.78,10.0,0.0,0.0,0,8,0,2,1
1054.66,0.5153,0.0,0.0,0,3,0,0,0
12991.69,10.0,0.0,0.0,0,1,0,0,1
1411.87,0.0,0.5,0.0,0,1,0,0,0
8898.81,1.0129,0.0,0.0,0,2,0,2,0
3651.75,0.0,0.0,0.0,0,3,0,0,0
7974.79,0.8514,0.0,0.0,0,2,1,1,0
2991.96,0.0,0.0,0.0,0,3,0,0,0
17142.04,6.2079,0.0,1.0,0,1,1,1,1
5541.12,0.0,0.0,0.0,0,2,0,0,0
12314.4,8.2644,0.0,0.0,0,1,0,0,1
13187.54,10.0,0.0,0.5,1,8,0,1,1
1108.85,0.0,0.0,0.0,0,1,0,0,0
19790.58,10.0,0.5,0.0,0,8,1,3,1
3981.86,0.0,0.0,0.0,0,1,0,1,0
11777.25,0.0,0.0,0.0,0,3,0,0,0
72756.76,10.0,0.5,0.0,1,1,0,2,1
6756.28,1.532,0.0,0.5,0,3,0,0,0
2747.55,0.0,0.0,0.0,0,3,0,0,0
75779.6,10.0,1.0,1.0,1,7,0,1,1
10342.3,10.0,0.0,0.0,0,2,0,2,1
49812.02,10.0,0.5,0.5,1,9,0,3,1
3188.55,3.2989,0.0,0.0,0,3,0,0,0
13612.87,10.0,0.0,0.0,0,2,0,0,1
4247.18,0.0,0.0,0.0,0,1,0,1,0
53183.83,10.0,0.0,1.0,0,4,0,2,1
1166.39,0.0,0.0,0.0,0,3,0,0,0
4723.37,0.0,0.0,0.0,0,1,0,0,0
14520.49,9.1871,0.0,0.0,0,9,1,2,1
9792.5,1.9614,0.0,0.5,0,3,0,0,0
8892.6,2.2297,0.0,0.0,0,2,0,0,0
3952.91,0.7128,0.0,0.0,0,3,0,0,0
2761.86,0.0,0.0,0.0,0,1,0,0,0
11726.72,10.0,0.0,0.0,0,3,0,0,1
13427.33,0.0,0.0,0.5,0,1,0,0,0
5084.92,0.0,0.0,0.0,0,2,1,0,0
4274.83,10.0,0.0,0.0,0,1,0,0,1
9430.06,3.3492,0.5,0.5,0,1,0,0,0
16.02,0.0,0.0,0.0,0,3,1,0,0
28659.67,10.0,1.0,1.0,0,6,0,2,1
39834.93,10.0,1.0,1.0,1,5,0,1,1
12638.54,1.346,0.0,0.0,0,2,1,0,0
14493.72,0.7096,0.0,0.0,0,2,0,0,0
477.89,0.0,0.0,0.0,0,1,1,0,0
62300.74,10.0,0.0,0.5,1,5,0,1,1
2845.19,0.0,0.0,0.5,0,2,1,0,0
2933.87,0.0,0.0,0.0,0,1,0,0,0
7067.07,0.0,0.0,0.0,0,1,0,0,0
14187.16,10.0,0.0,0.0,0,1,0,0,1
78956.91,10.0,0.0,1.0,0,4,1,1,1
30295.84,10.0,0.0,1.0,0,1,0,1,1
10314.68,8.6449,0.5,0.0,0,3,0,0,1
4180.48,10.0,0.0,0.0,0,2,0,0,1
7571.33,0.0,0.0,0.0,0,3,0,0,0
51338.67,10.0,1.0,1.0,1,8,1,2,1
6663.4,4.5817,0.0,0.0,0,3,0,1,1
16305.62,4.4048,0.5,1.0,1,4,0,1,1
93827.51,10.0,1.0,1.0,1,6,0,2,1
12637.15,0.7138,0.0,0.0,0,2,0,0,0
14983.58,2.9035,0.0,0.0,0,2,0,0,0
8365.86,0.0,0.0,0.0,0,1,0,1,0
10485.52,0.0,0.0,0.0,0,2,0,0,0
3751.87,0.0,0.5,0.0,0,3,0,0,0
12918.09,10.0,0.0,0.0,0,2,1,0,1
3386.35,0.0,0.0,0.0,0,1,0,2,0
12310.44,10.0,0.0,0.0,0,1,0,2,1
9194.14,0.1763,0.0,0.0,0,3,0,0,0
7390.44,10.0,0.0,0.0,0,1,0,0,1
2510.78,7.5998,0.0,0.0,0,3,0,0,1
7965.12,3.5562,0.0,0.0,0,2,0,0,0
7509.57,0.0,0.0,0.0,0,3,1,0,0
4477.61,0.0,0.5,0.0,0,1,0,0,0
85283.26,10.0,0.5,0.0,1,2,1,1,1
10876.44,0.0,0.5,0.0,0,1,0,0,0
36912.57,10.0,1.0,0.5,0,6,0,2,1
9041.65,2.8227,0.0,0.0,0,1,0,0,0
6576.12,0.0,0.0,0.0,0,2,0,0,0
1698.98,0.0,0.0,0.0,0,3,0,0,0
854.44,5.624,0.0,0.0,0,1,0,0,1
65980.15,10.0,0.5,0.5,1,6,0,1,1
7160.11,0.0,0.0,0.0,0,1,0,0,0
12538.39,3.0702,0.0,0.0,1,2,0,0,1
14470.71,10.0,0.5,0.0,0,3,0,0,1
4682.43,0.0507,0.0,0.0,0,3,1,0,0
10346.12,5.4736,0.5,0.0,0,2,0,0,1
107.82,0.0,0.0,0.0,0,2,0,0,0
3356.6,0.0,0.5,0.0,0,2,0,2,0
57187.76,10.0,1.0,1.0,0,4,1,3,1
13720.1,10.0,0.0,0.0,0,2,0,2,1
2577.39,0.0,0.0,0.0,0,1,1,0,0
10048.56,0.0,0.0,0.0,0,1,0,0,0
9374.26,5.6613,0.0,0.0,0,1,0,0,1
3454.8,0.0,0.0,0.0,0,2,0,2,0
68489.57,10.0,0.0,1.0,1,1,0,2,1
10909.7,10.0,0.0,0.0,0,3,0,1,1
5724.64,0.0,0.0,0.0,0,3,0,0,0
3456.48,0.0,0.5,0.5,0,2,0,0,0
6780.07,0.0,0.0,0.0,0,2,0,0,0
9931.56,5.8728,0.0,0.0,0,3,0,0,1
12312.83,0.9586,0.0,0.0,0,2,0,0,0
7689.38,10.0,0.0,0.0,0,3,0,0,1
20711.46,10.0,0.5,0.5,1,8,1,3,1
4938.33,0.0,0.0,0.0,0,1,0,0,0
8248.84,0.0,0.0,0.0,0,3,0,0,0
4135.79,8.4415,0.0,0.0,1,3,0,0,1
11727.49,0.1226,0.0,0.0,0,3,0,0,0
6199.54,0.0,0.0,0.0,0,3,0,0,0
48625.59,10.0,0.5,0.5,1,7,0,3,1
41268.27,10.0,0.0,0.0,0,9,1,1,1
13333.75,10.0,0.0,0.0,0,1,0,0,1
4190.29,0.0,0.0,0.0,0,3,1,1,0
46981.92,10.0,1.0,1.0,1,5,1,3,1
59423.48,10.0,1.0,1.0,1,6,1,3,1
7748.55,6.2349,0.0,0.0,0,3,0,0,1
4652.84,0.0,0.0,0.0,0,3,0,0,0
35792.05,10.0,1.0,1.0,1,4,1,2,1
5186.71,0.0,0.0,0.0,0,2,0,0,0
6728.08,0.0,0.0,0.0,0,3,0,0,0
28243.97,10.0,0.5,1.0,1,4,1,1,1
12093.39,4.367,0.0,0.0,0,2,0,0,1
8006.84,10.0,0.5,0.0,0,1,0,0,1
7793.97,0.2948,0.0,0.0,1,9,1,2,1
63645.36,10.0,1.0,1.0,1,8,1,3,1
40719.44,10.0,1.0,1.0,1,6,1,2,1
34358.05,10.0,0.5,1.0,1,1,0,3,1
14272.13,4.888,0.0,0.0,0,3,1,0,1
12745.74,1.4657,0.0,0.5,1,7,0,2,1
62378.98,10.0,0.5,0.5,0,1,0,3,1
2970.13,0.0,0.0,0.0,0,2,0,0,0
3640.33,1.5788,0.0,0.0,0,1,0,0,0
74822.0,10.0,0.0,1.0,1,2,0,1,1
2011.81,0.0,0.0,0.0,0,1,0,0,0
14264.61,10.0,0.5,0.0,0,3,0,0,1
1592.92,0.0,0.0,0.0,0,3,1,0,0
7219.31,1.3283,0.0,0.0,0,3,0,0,0
25279.15,10.0,0.0,1.0,1,1,1,3,1
7381.22,10.0,0.0,1.0,1,4,0,2,1
305.69,0.0,0.0,0.0,0,1,0,0,0
33777.61,10.0,0.5,1.0,1,2,1,3,1
13125.34,0.2004,0.5,0.0,0,2,0,0,0
56080.12,10.0,1.0,0.5,1,6,0,2,1
11424.27,7.8661,0.0,0.0,0,2,0,0,1
1535.3,10.0,0.0,0.0,0,2,0,0,1
32841.72,10.0,1.0,1.0,1,7,0,2,1
21229.13,8.7138,0.5,0.5,1,9,1,3,1
13523.57,10.0,0.0,0.0,0,1,0,0,1
71225.52,10.0,1.0,1.0,1,5,1,1,1
406.44,0.0,0.0,0.0,0,3,0,2,0
97860.76,10.0,1.0,1.0,1,6,1,2,1
9669.9,10.0,0.0,0.0,0,3,0,0,1
14897.38,0.9152,0.0,0.5,0,2,0,0,0
87337.42,10.0,0.5,1.0,1,7,1,1,1
54456.75,10.0,0.0,1.0,0,5,0,3,1
28156.38,10.0,0.0,1.0,0,3,1,2,1
11297.26,0.0,0.0,0.0,0,3,0,0,0
12502.33,3.786,0.0,0.0,1,1,0,0,1
10561.66,0.2088,0.0,0.0,0,1,0,0,0
8715.25,3.2757,0.0,0.0,0,2,0,0,0
62897.72,10.0,0.5,0.5,0,5,0,2,1
11196.35,10.0,0.0,0.0,0,3,0,0,1
12695.85,3.9234,0.0,0.0,0,2,0,0,0
11588.44,0.0378,0.0,0.0,0,1,0,0,0
5633.93,0.0,1.0,0.5,0,4,0,1,1
5608.14,3.901,0.0,1.0,0,4,1,3,1
1086.5,0.0,0.0,0.0,0,1,0,2,0
42043.42,10.0,1.0,1.0,0,4,1,1,1
60189.6,10.0,0.0,1.0,0,1,0,1,1
7807.51,7.2864,0.0,0.0,0,1,1,0,1
7843.37,0.0,0.0,0.0,0,3,0,0,0
31262.65,10.0,1.0,1.0,1,6,1,1,1
2795.62,0.0,0.0,0.0,0,3,0,0,0
2308.94,0.0,0.0,0.5,0,1,1,0,0
735.45,0.0,0.0,0.0,0,1,0,0,0
31816.99,10.0,1.0,1.0,0,5,0,3,1
70330.89,10.0,0.0,0.0,1,4,1,1,1
10116.14,0.0,0.0,0.0,0,2,0,0,0
14394.8,10.0,0.0,0.5,0,2,0,0,1
2566.25,0.0,0.0,0.0,0,2,0,0,0
20265.35,10.0,0.5,0.5,1,8,1,1,1
50577.3,10.0,1.0,1.0,1,8,0,3,1
7060.16,0.0,0.0,0.0,0,3,0,0,0
139.95,0.0,0.0,0.0,0,1,0,2,0
7320.91,0.0,0.0,0.0,0,3,1,2,0
5923.32,0.0,0.0,0.0,0,3,0,2,0
48986.95,10.0,1.0,0.5,0,4,0,2,1
4345.01,0.0,0.0,0.0,0,3,0,0,0
8306.82,0.5988,0.5,0.0,0,1,0,0,0
25430.48,10.0,1.0,0.5,0,5,0,3,1
132.89,0.0,0.5,0.0,0,3,0,0,0
2047.63,0.0,0.0,0.0,0,1,0,0,0
99105.01,10.0,1.0,1.0,1,5,1,2,1
9096.97,1.4645,0.0,0.0,0,2,0,2,0
6241.03,0.0,0.0,0.0,0,1,1,2,0
86417.91,10.0,1.0,1.0,1,8,0,3,1
7886.23,0.0,0.0,0.0,0,3,0,2,0
6063.13,4.2444,0.0,0.0,0,1,1,0,1
71352.76,10.0,1.0,1.0,1,8,1,1,1
7576.04,10.0,0.0,0.0,0,1,0,0,1
5425.38,3.2065,0.0,0.0,0,2,0,0,0
2474.25,0.0,0.0,0.0,0,1,0,0,0
53741.52,10.0,1.0,1.0,1,9,1,2,1
4799.63,4.1158,0.0,0.0,0,3,0,0,1
876.25,0.0,0.0,0.0,0,3,0,0,0
7395.19,3.1404,0.0,0.0,0,2,0,0,0
72374.05,10.0,1.0,1.0,1,7,1,1,1
4717.52,0.0,0.0,0.0,1,3,0,0,1
4941.8,0.0,0.0,0.0,0,2,0,0,0
4393.7,0.0,0.0,0.0,0,1,0,0,0
13997.37,1.8101,0.0,0.5,0,3,0,2,0
34514.35,10.0,1.0,1.0,1,8,1,2,1
9238.21,10.0,0.0,0.0,0,3,0,0,1
5239.78,10.0,1.0,0.5,0,4,1,1,1
13999.04,0.0,0.0,0.0,0,2,0,0,0
20378.52,10.0,0.0,0.0,0,9,1,1,1
18889.1,8.5367,0.0,0.5,0,8,0,1,1
45275.98,10.0,1.0,1.0,1,3,1,1,1
6662.32,0.0,0.0,0.0,0,2,0,0,0
12712.62,10.0,0.0,0.0,0,2,0,0,1
78061.06,10.0,1.0,1.0,1,5,1,3,1
12153.78,10.0,0.0,0.5,0,1,0,0,1
91258.47,10.0,1.0,1.0,1,6,0,3,1
2888.58,0.0,0.5,0.0,0,1,0,0,0
83921.28,10.0,0.0,0.0,1,5,1,2,1
5594.19,1.2765,0.0,0.0,0,3,0,2,0
6885.28,0.0,0.0,0.0,0,1,0,1,0
719.39,0.8304,0.0,0.0,0,1,0,0,0
64333.74,10.0,0.5,0.0,1,1,0,2,1
592.72,0.0,0.0,0.0,0,2,0,0,0
5527.6,10.0,0.0,0.0,0,1,0,0,1
85121.17,10.0,0.5,0.5,0,6,1,1,1
33458.79,10.0,1.0,1.0,0,3,1,2,1
8637.49,0.0,0.0,0.0,0,3,1,0,0
11057.57,9.0046,0.0,0.5,0,3,1,0,1
7762.08,1.232,0.0,0.0,0,1,0,0,0
11218.67,2.1684,0.0,0.0,0,3,0,0,0
43619.04,10.0,1.0,0.5,1,5,0,2,1
11882.13,4.5709,0.0,0.0,0,1,0,0,1
34027.47,10.0,1.0,0.5,1,2,1,3,1
12933.67,0.0,0.0,0.0,0,1,0,0,0
14087.25,10.0,0.0,0.0,0,1,0,0,1
5404.64,0.0,0.0,0.0,0,2,0,0,0
6143.86,0.0,0.0,0.0,0,1,0,0,0
82974.84,10.0,0.0,0.5,0,2,1,3,1
12810.69,10.0,0.0,0.0,0,2,0,0,1
37467.22,10.0,1.0,1.0,0,4,1,1,1
6897.65,0.0,0.0,0.5,0,3,1,0,0
1408.38,0.0,0.0,0.0,0,3,0,2,0
1150.51,0.0,0.0,0.0,0,1,0,0,0
8951.77,3.7086,0.0,0.0,0,2,0,0,0
74334.58,10.0,1.0,1.0,0,4,1,3,1
11019.96,9.4504,0.0,0.0,0,2,0,0,1
7392.9,0.0,0.0,0.0,0,3,0,0,0
4915.05,2.3229,0.0,0.0,0,3,0,0,0
52238.53,10.0,0.0,0.0,0,2,1,3,1
86736.15,10.0,1.0,1.0,1,8,1,2,1
7705.58,0.0,0.5,0.0,0,2,0,0,0
7014.64,0.0,0.0,0.0,0,3,1,0,0
89257.41,10.0,1.0,1.0,1,9,1,2,1
22958.66,10.0,0.0,1.0,1,3,0,3,1
5554.63,0.0,0.0,0.0,0,2,0,0,0
12655.37,10.0,0.0,0.0,0,3,0,0,1
48824.68,10.0,0.5,0.5,0,7,1,3,1
13198.98,7.7971,0.0,0.0,0,3,0,0,1
12533.94,10.0,0.0,0.0,0,2,0,0,1
34223.19,10.0,1.0,1.0,1,3,1,3,1
4702.17,0.0,0.5,0.5,0,8,1,3,1
8675.34,2.0607,0.0,0.5,0,2,0,0,0
10798.22,10.0,0.0,0.0,0,3,0,0,1
1540.39,0.0,0.0,0.5,1,8,1,2,1
52633.05,10.0,0.0,0.5,1,5,1,2,1
13866.07,2.4832,0.0,0.5,0,3,0,0,0
87602.16,10.0,1.0,1.0,1,7,1,1,1
10449.6,10.0,0.0,0.0,0,3,1,0,1
8443.86,10.0,0.0,0.0,0,3,0,0,1
12379.64,4.2888,0.0,0.0,0,2,0,1,1
4243.13,0.0,0.0,0.0,0,2,0,0,0
1176.81,0.0,0.0,0.0,0,3,0,0,0
5886.58,3.1152,0.5,0.5,0,9,0,1,1
3154.53,7.578,0.0,0.0,1,2,1,0,1
1336.95,0.0,0.0,0.0,0,3,0,0,0
24002.31,10.0,0.5,0.5,0,8,0,3,1
30337.67,7.1234,1.0,1.0,0,3,1,2,1
89129.64,10.0,1.0,1.0,1,5,0,3,1
43071.31,10.0,1.0,1.0,1,8,1,3,1
6769.1,0.0,0.0,0.0,0,2,0,0,0
43340.01,10.0,1.0,0.5,0,5,1,2,1
170.27,0.0,0.0,0.0,0,3,0,0,0
5065.19,0.0,0.0,0.0,0,2,0,0,0
49231.16,10.0,1.0,1.0,0,5,1,2,1
5959.35,2.39,0.0,0.0,0,1,1,0,0
3425.37,0.0,0.0,0.0,0,3,0,0,0
23024.66,7.6519,0.0,0.0,0,7,0,3,1
4188.55,0.0,0.0,0.0,0,2,0,2,0
78186.17,10.0,1.0,1.0,1,6,1,3,1
9049.03,0.0,0.0,0.0,0,3,0,0,0
7965.95,0.0,0.0,0.0,0,2,0,1,0
2941.6,0.0,0.0,0.0,0,1,0,0,0
11745.47,4.5715,0.5,0.5,0,9,0,2,1
8703.72,0.0,0.0,0.0,0,1,0,2,0
6764.23,3.0449,0.0,0.0,1,2,0,0,1
3111.67,0.0,0.0,0.0,0,3,0,0,0
5198.15,9.9344,0.0,0.0,0,2,0,0,1
2210.56,0.0,0.0,0.0,0,2,0,0,0
3916.9,2.9712,0.0,0.0,0,3,0,0,0
11196.36,0.765,0.0,0.0,0,2,0,1,0
9894.09,2.9452,0.0,0.5,0,2,0,0,0
3332.49,0.0,0.5,0.0,0,1,0,0,0
10987.24,3.0579,0.0,0.0,0,2,0,0,0
43604.8,10.0,0.5,1.0,0,4,1,1,1
14068.93,2.2037,0.0,0.0,0,1,0,0,0
581.39,0.0,0.0,0.5,0,3,1,0,0
23853.29,9.4133,0.0,0.5,0,9,0,3,1
18851.93,7.2658,1.0,0.5,1,6,1,2,1
9549.23,0.0,0.0,0.0,0,2,0,0,0
191.75,0.0,0.0,0.5,0,1,1,0,0
12167.12,0.0,0.0,0.0,0,1,0,0,0
111.72,0.0,0.0,0.0,0,3,0,0,0
4987.79,3.2091,0.0,0.5,0,2,0,0,0
527.21,0.0,0.0,0.0,0,2,0,0,0
47821.01,10.0,1.0,1.0,0,2,0,3,1
13370.33,0.6999,0.0,0.0,0,2,0,0,0
14534.15,4.1509,0.0,0.0,0,2,0,0,1
5878.28,0.0,0.0,0.0,0,1,0,0,0
2256.07,0.0,0.0,0.5,0,1,0,0,0
7983.34,10.0,0.5,0.0,0,1,0,0,1
31003.63,10.0,1.0,0.5,1,6,1,1,1
39435.85,10.0,1.0,1.0,1,6,1,2,1
5310.33,0.0,0.0,0.0,0,1,0,0,0
7269.15,0.0,0.0,0.0,0,1,0,0,0
12475.66,0.0,0.0,0.0,0,2,1,0,0
9053.85,2.4983,0.0,0.0,0,2,0,0,0
27360.37,10.0,0.5,1.0,1,4,0,1,1
3264.93,0.0,0.0,0.0,0,3,0,1,0
11394.7,0.0,0.5,0.0,0,3,0,0,0
14491.18,1.8428,0.5,0.0,0,3,0,1,0
3042.13,0.0,0.5,0.0,0,2,0,1,0
13002.79,1.6797,0.0,0.0,0,3,0,0,0
32494.56,10.0,0.0,0.5,0,9,1,2,1
2824.04,0.0,0.0,0.0,0,2,0,0,0
10221.33,0.0,0.0,0.5,0,2,0,0,0
32018.42,10.0,0.0,0.0,1,8,0,3,1
6247.62,10.0,0.0,0.0,0,3,0,0,1
12420.4,4.194,0.0,0.0,0,3,0,1,1
11907.58,4.038,0.5,0.0,0,9,0,2,1
7386.83,10.0,0.0,0.0,0,3,1,0,1
238.04,0.0,0.0,0.0,0,3,0,0,0
1858.35,0.0,0.0,0.0,0,3,0,0,0
5969.9,0.0,0.0,0.0,0,1,1,0,0
25006.66,10.0,0.5,0.0,1,8,0,1,1
7120.14,0.5624,0.0,0.0,0,2,0,0,0
46969.32,10.0,1.0,1.0,1,7,1,2,1
10192.96,2.0483,0.0,0.0,0,3,0,0,0
2822.29,10.0,0.0,0.0,0,1,1,0,1
33669.73,10.0,1.0,0.5,1,4,1,3,1
10928.01,2.0778,0.0,0.0,0,2,1,0,0
4732.7,0.0,0.0,0.0,1,1,0,0,1
10085.0,0.475,0.0,0.0,0,3,0,0,0
11598.62,3.7811,0.0,0.0,0,3,0,0,0
2409.51,0.0,0.0,0.0,0,1,0,1,0
18618.72,5.2898,0.0,1.0,0,1,1,3,1
819.45,0.0,0.0,0.0,0,1,1,0,0
12454.44,5.6768,0.0,0.0,0,1,0,0,1
1488.87,0.0,0.0,0.0,0,2,0,2,0
2323.88,0.0,0.0,0.0,0,2,0,0,0
3542.95,0.0,0.5,0.0,1,1,0,2,1
3360.18,0.0,0.0,0.0,1,1,0,2,1
3498.63,0.0,0.0,0.0,0,2,0,0,0
14974.18,1.4983,0.0,0.0,1,1,0,2,1
3414.97,10.0,0.0,0.0,0,2,0,0,1
47316.77,10.0,1.0,1.0,0,4,1,2,1
5199.16,0.068,0.0,0.5,0,3,0,1,0
804.86,0.0,0.0,0.0,0,2,0,1,0
2149.4,0.0,0.0,0.0,0,1,0,0,0
7584.93,0.0,0.0,0.0,0,3,0,1,0
8521.94,10.0,0.0,0.0,1,1,0,2,1
5748.06,4.8762,0.0,0.0,0,2,0,0,1
4860.91,0.0,0.0,0.0,0,1,0,2,0
4314.41,0.0,0.0,0.0,0,2,1,0,0
5919.93,0.0,0.5,0.0,1,1,1,0,1
40139.7,10.0,1.0,1.0,1,5,1,1,1
13672.7,10.0,0.0,0.0,0,2,0,0,1
10242.85,9.5124,0.5,0.0,0,1,0,0,1
3679.39,10.0,0.0,0.5,0,2,0,0,1
9006.11,0.0,0.0,0.0,0,3,0,0,0
76591.64,10.0,0.0,0.0,1,1,1,3,1
14192.28,7.1654,1.0,0.5,0,2,1,1,1
8017.51,0.0,0.0,0.0,0,3,0,0,0
656.49,0.0,0.0,0.0,0,1,0,0,0
7190.82,10.0,0.0,0.0,0,3,0,0,1
3176.84,0.0,0.0,0.0,0,3,0,2,0
5024.47,10.0,0.5,0.0,1,1,0,0,1
3780.67,0.0,0.0,0.0,0,3,1,2,0
68942.99,10.0,0.5,0.0,1,4,1,2,1
31666.49,10.0,0.0,0.5,1,8,1,2,1
44744.22,10.0,1.0,1.0,1,5,1,2,1
14443.31,10.0,0.0,0.0,0,1,0,0,1
13936.85,0.4461,0.0,0.0,0,3,0,0,0
843.12,0.0,0.0,0.0,0,2,0,1,0
10761.78,0.0,0.0,0.0,0,2,0,0,0
12716.74,0.0,0.5,0.0,0,3,0,0,0
20105.65,6.9287,1.0,0.5,0,3,1,1,1
9775.82,10.0,0.0,0.0,0,1,0,0,1
6562.49,0.0,0.5,0.0,0,1,0,0,0
4474.73,0.0,0.0,0.0,0,2,0,0,0
13178.97,10.0,0.0,0.0,0,2,0,0,1
88294.25,10.0,1.0,1.0,1,6,0,3,1
46913.94,10.0,1.0,1.0,1,2,1,2,1
1432.11,0.0,0.0,0.0,0,1,0,0,0
12786.96,0.4469,0.0,0.0,0,3,0,0,0
9173.65,10.0,0.0,0.0,0,3,0,0,1
38340.64,10.0,1.0,1.0,0,2,1,3,1
10651.33,10.0,0.0,0.0,0,3,0,0,1
3379.95,0.0,0.0,0.0,0,2,0,0,0
10920.91,10.0,0.0,0.5,0,9,0,2,1
44976.66,10.0,0.5,0.5,0,7,1,1,1
27466.81,10.0,1.0,0.5,1,6,0,3,1
14794.89,10.0,0.0,0.0,0,1,0,0,1
79393.39,10.0,1.0,1.0,1,7,0,2,1
837.71,0.0,0.0,0.0,0,3,0,0,0
3002.73,5.9427,0.0,0.0,0,3,1,0,1
12820.57,2.2516,0.0,0.0,0,3,0,0,0
10682.18,1.2397,0.0,0.0,0,1,0,0,0
9095.58,0.0,0.0,0.0,0,1,0,0,0
12691.59,2.4852,0.5,0.5,0,1,0,0,0
1512.48,0.0,0.0,0.0,0,3,0,0,0
45238.44,10.0,1.0,1.0,0,3,0,1,1
7424.32,7.0686,0.0,0.0,0,2,0,0,1
13942.09,10.0,0.0,0.0,0,2,0,0,1
30851.91,10.0,0.5,0.0,0,8,1,1,1
49275.62,10.0,1.0,0.5,0,6,0,1,1
71400.11,10.0,1.0,1.0,1,6,1,1,1
4806.96,0.0,0.0,0.5,0,3,0,0,0
2815.41,10.0,0.5,0.0,0,2,0,0,1
7285.73,1.0091,0.0,0.0,0,3,0,0,0
6179.22,4.2082,0.0,0.0,0,2,0,0,1
13181.68,7.6823,0.0,0.0,0,1,0,0,1
58748.13,10.0,0.0,0.0,0,7,0,3,1
2077.1,0.0,0.0,0.5,0,3,0,1,0
10139.44,0.0,0.0,0.5,0,2,0,1,0
4512.29,0.0,0.0,0.0,1,7,0,3,1
34425.48,10.0,0.5,1.0,1,4,0,3,1
68419.36,10.0,0.0,0.0,1,1,0,1,1
93292.25,10.0,0.5,1.0,0,6,1,1,1
1343.74,0.0,0.0,0.0,0,1,0,0,0
5367.07,0.0,0.0,0.0,0,3,0,0,0
14942.22,9.4119,0.0,0.0,0,3,0,0,1
14292.53,1.7768,0.0,0.0,0,2,0,0,0
4095.49,0.0,0.0,0.0,0,3,0,0,0
7796.45,0.3143,0.5,0.0,0,1,0,0,0
11193.77,10.0,0.0,0.0,0,2,0,2,1
11637.06,8.5598,0.0,0.0,0,2,0,0,1
11793.65,10.0,0.0,0.0,0,1,0,0,1
12815.47,10.0,0.0,0.0,0,3,0,0,1
33933.15,10.0,0.5,0.0,1,9,1,3,1
39894.0,10.0,0.5,1.0,0,4,0,3,1
42228.95,10.0,1.0,1.0,1,7,0,2,1
14852.97,10.0,0.0,0.0,0,3,0,0,1
37236.0,10.0,0.0,0.5,1,8,0,2,1
131.19,0.0,0.0,0.5,1,2,0,0,1
3738.66,0.0,0.0,0.0,0,2,0,0,0
4074.54,0.0,0.0,0.0,0,3,0,0,0
2809.33,0.0,0.0,0.0,0,3,0,0,0
10028.79,9.8535,0.5,0.0,0,2,0,0,1
13527.11,4.5145,0.0,0.0,0,1,0,0,1
5078.77,1.247,0.0,0.0,0,2,0,0,0
9968.67,4.7156,0.0,0.0,0,3,0,0,1
44737.44,10.0,0.0,0.5,1,8,1,2,1
52255.75,10.0,1.0,1.0,1,9,1,1,1
4638.79,0.0,0.0,0.0,0,3,0,0,0
2142.87,0.0,0.0,0.0,0,2,0,0,0
9968.38,10.0,0.0,0.0,0,1,0,0,1
2233.73,0.0,0.0,0.0,0,1,0,0,0
2372.59,0.0,0.5,0.0,0,3,0,1,0
12638.75,1.297,0.0,0.5,0,3,0,0,0
47305.27,10.0,1.0,1.0,1,4,0,1,1
3815.67,4.9595,0.0,0.0,0,1,0,2,1
19789.68,10.0,0.0,0.0,1,8,1,1,1
14848.48,10.0,0.0,0.0,0,2,0,0,1
4045.46,0.0,0.5,0.0,0,3,0,0,0
75299.66,10.0,0.5,0.5,1,4,0,1,1
13883.91,4.4627,0.0,0.0,0,2,0,0,1
79469.23,10.0,0.0,0.0,1,4,1,1,1
7621.68,0.0635,0.0,0.0,0,3,0,1,0
12476.28,0.0,0.0,0.0,0,3,0,0,0
1519.4,0.0,0.5,0.0,0,1,0,0,0
10253.21,5.4496,0.0,0.0,0,1,0,0,1
99159.51,10.0,1.0,1.0,1,8,0,3,1
8655.65,10.0,0.0,0.0,0,1,0,0,1
11985.11,10.0,0.5,0.0,0,2,1,0,1
10146.74,3.7317,0.0,0.0,0,1,0,0,0
52015.1,10.0,1.0,0.5,1,5,0,1,1
10290.96,10.0,0.0,0.0,0,3,0,0,1
14571.31,10.0,0.0,0.0,0,2,0,0,1
6785.91,10.0,0.0,0.0,0,1,1,0,1
2712.55,0.0,0.0,0.0,0,2,0,0,0
5039.56,0.0,0.0,0.0,0,2,0,0,0
86586.77,10.0,1.0,1.0,1,5,0,3,1
94219.81,10.0,1.0,1.0,1,8,1,2,1
10729.43,0.3945,0.0,0.0,0,1,1,0,0
12177.59,0.3867,0.0,0.0,0,1,0,0,0
12086.5,3.3626,0.0,0.0,0,1,0,2,0
68112.06,10.0,0.5,1.0,1,6,1,1,1
39767.95,10.0,0.5,0.0,0,8,1,2,1
56535.84,10.0,0.5,1.0,1,4,0,1,1
12318.64,2.7857,0.0,0.0,0,1,0,0,0
8710.47,10.0,0.0,0.0,1,2,0,0,1
8082.06,0.0,0.0,0.0,0,1,0,0,0
2175.69,0.0,0.0,0.0,0,1,0,0,0
18023.89,4.6251,1.0,0.5,0,6,1,1,1
36966.21,10.0,0.0,0.5,1,8,1,3,1
13521.79,10.0,0.0,0.0,0,3,0,0,1
1056.09,0.0,0.0,0.0,0,3,0,0,0
33523.83,10.0,1.0,0.5,1,3,1,2,1
2908.81,0.0,0.0,0.0,0,3,0,0,0
10631.6,0.4651,0.0,0.0,0,3,0,0,0
584.23,0.0,0.0,0.0,0,1,0,0,0
14038.71,0.3933,0.0,0.5,0,3,0,0,0
81702.89,10.0,0.0,0.5,1,7,0,2,1
78970.13,10.0,0.5,1.0,1,4,0,2,1
14629.66,1.2249,0.0,0.0,0,2,0,0,0
16265.71,10.0,1.0,1.0,1,3,1,1,1
99636.91,10.0,1.0,1.0,1,9,1,2,1
14113.54,10.0,0.0,0.0,0,1,0,0,1
33179.41,10.0,0.5,0.5,0,7,1,2,1
48282.84,10.0,1.0,1.0,0,3,0,1,1
3924.29,5.8337,0.0,0.0,0,3,0,1,1
13871.39,0.0,0.0,0.5,0,2,0,0,0
11885.33,0.1204,0.0,0.0,0,3,0,0,0
9448.79,0.0,0.0,0.0,0,3,0,0,0
12845.93,4.5111,0.0,0.0,0,3,1,1,1
5975.38,0.0,0.0,0.0,0,1,0,2,0
10381.3,0.1683,0.0,0.0,1,3,0,0,1
175.31,0.0,0.0,0.5,0,3,0,2,0
78037.5,10.0,1.0,1.0,1,9,1,2,1
4859.71,0.0,0.0,0.0,0,3,0,0,0
7773.43,0.0,0.5,0.0,0,1,0,1,0
23250.82,10.0,0.0,1.0,1,5,0,3,1
10180.17,0.0,0.5,0.5,0,3,0,1,0
13167.6,10.0,0.0,0.0,0,3,0,0,1
6026.03,10.0,0.0,0.0,0,3,0,0,1
8843.18,7.4376,0.0,0.5,0,1,0,0,1
476.72,0.0,0.0,0.0,0,3,0,0,0
56368.31,10.0,0.5,0.5,0,7,1,3,1
63172.87,10.0,0.0,1.0,0,2,0,3,1
4454.68,0.0,0.0,0.0,0,2,0,0,0
8162.97,0.0,0.0,0.0,0,2,0,0,0
11886.43,10.0,0.0,0.5,0,2,0,0,1
9758.98,0.0,0.0,0.0,0,2,0,0,0
47138.65,10.0,0.0,1.0,1,1,0,2,1
14587.54,10.0,0.0,0.0,0,2,0,0,1
8717.9,0.0,0.0,0.0,0,3,0,0,0
49112.02,10.0,1.0,1.0,1,7,0,3,1
5105.04,0.0,0.0,0.0,0,2,0,0,0
11386.39,6.8043,0.0,0.0,0,3,0,2,1
35115.78,10.0,0.5,1.0,0,3,0,2,1
4047.66,0.0,0.0,0.0,0,2,0,2,0
11445.2,1.9459,0.0,0.0,1,2,0,0,1
2352.1,0.0,0.0,0.0,0,3,0,0,0
4424.02,10.0,0.0,0.0,0,1,1,0,1
9184.62,6.2028,0.0,0.0,0,3,0,0,1
9968.99,0.0,0.0,0.0,0,1,1,0,0
1099.51,0.0,0.0,0.0,0,3,0,0,0
51783.47,10.0,1.0,1.0,1,9,0,1,1
83388.03,10.0,1.0,1.0,1,5,0,3,1
59537.88,10.0,1.0,0.5,0,3,0,1,1
4971.13,3.9786,0.0,0.0,0,1,0,1,0
14658.04,10.0,0.0,0.5,0,2,0,0,1
5658.19,10.0,0.5,0.0,1,7,1,1,1
82529.6,10.0,0.0,1.0,1,6,1,2,1
4499.01,0.0,0.0,0.0,0,1,0,0,0
9163.53,10.0,0.0,0.5,0,3,0,1,1
10077.93,2.9415,0.5,0.0,0,3,0,0,0
5091.36,0.0,0.0,0.0,0,2,0,1,0
6469.5,0.0,0.0,0.0,0,2,1,0,0
14380.77,10.0,0.0,0.0,0,2,0,0,1
62229.88,10.0,1.0,1.0,1,6,1,3,1
14357.12,10.0,0.0,0.5,0,8,0,2,1
67130.6,10.0,0.5,0.0,1,7,0,1,1
14181.04,0.7759,0.0,0.0,0,1,1,1,0
57526.55,10.0,1.0,0.5,1,4,1,2,1
5066.57,0.0,0.0,0.0,0,1,0,0,0
12743.67,0.0,0.0,0.5,0,3,0,0,0
36578.91,10.0,1.0,1.0,1,3,0,1,1
14111.35,1.1552,0.0,0.0,0,1,0,0,0
7997.78,0.0,0.0,0.0,0,2,0,1,0
70648.32,10.0,0.5,1.0,0,2,0,1,1
5506.34,0.0,0.0,0.0,0,1,0,0,0
12883.04,2.0253,0.0,0.0,0,3,0,0,0
88299.43,10.0,1.0,1.0,1,6,0,1,1
91313.64,10.0,0.0,1.0,1,4,1,1,1
8400.78,4.4629,0.0,0.0,1,3,0,2,1
6486.93,0.0,0.0,0.0,0,2,0,0,0
10225.9,5.7908,0.0,0.0,0,2,0,0,1
37202.54,10.0,0.5,0.5,1,9,1,2,1
2022.23,2.0183,0.0,0.0,0,3,0,0,0
25666.76,10.0,1.0,0.5,1,4,0,3,1
2373.75,0.0,0.0,0.0,1,3,0,1,1
9726.04,5.7539,0.0,0.0,0,3,0,0,1
5002.77,0.0,0.0,0.0,0,1,0,0,0
73171.67,10.0,1.0,1.0,1,8,1,1,1
7055.6,10.0,0.0,0.0,0,3,0,0,1
11778.53,5.1046,0.0,0.0,0,3,0,0,1
902.3,0.0,0.5,0.0,0,3,0,0,0
1489.23,0.0,0.0,0.0,0,2,0,0,0
75937.53,10.0,1.0,1.0,1,3,1,2,1
4134.86,0.0,0.0,0.0,0,3,0,0,0
6772.95,0.0,0.0,0.0,0,2,0,0,0
9742.15,10.0,0.0,0.0,0,2,0,0,1
1457.68,5.7119,0.0,0.0,0,2,0,0,1
10784.65,7.3628,0.0,0.0,0,2,1,0,1
62048.74,10.0,0.0,0.5,1,2,1,1,1
12749.57,0.0155,0.0,0.0,0,3,0,0,0
6693.29,0.815,0.0,0.0,0,1,0,0,0
12950.92,0.9739,0.0,0.0,0,2,0,0,0
3164.2,0.0,0.0,0.0,0,3,0,2,0
10835.11,1.1974,0.0,0.5,0,1,0,0,0
48558.07,10.0,1.0,0.5,1,4,1,2,1
6554.85,9.8656,0.0,0.0,0,2,0,0,1
45448.75,10.0,0.0,0.0,0,9,1,3,1
8398.63,0.0,0.5,0.0,0,1,1,0,0
8744.99,1.2436,0.0,0.0,0,2,0,0,0
56854.26,10.0,0.5,1.0,1,5,0,1,1
57537.7,10.0,0.0,0.0,1,5,0,1,1
2432.2,0.0,0.0,0.0,0,1,0,0,0
11437.16,1.9173,0.0,0.0,0,1,0,0,0
6457.47,0.0,0.5,0.0,0,3,0,1,0
54574.04,10.0,1.0,1.0,1,1,1,2,1
3563.79,0.0,0.0,0.0,0,3,0,0,0
2687.33,0.0,0.0,0.0,0,1,0,1,0
13187.12,10.0,1.0,1.0,1,3,1,3,1
8353.79,5.2397,0.5,0.0,0,1,0,0,1
97839.88,10.0,0.0,0.0,1,4,1,1,1
5019.89,1.781,0.0,0.0,0,2,1,2,0
7826.12,0.0,0.0,0.0,0,2,0,0,0
47959.08,10.0,0.0,0.0,0,7,0,2,1
11922.99,0.0,0.0,0.0,0,2,0,0,0
2518.84,0.0,0.0,0.0,0,3,0,0,0
51628.46,10.0,1.0,1.0,1,2,0,2,1
8617.69,4.3576,0.0,0.0,0,3,0,0,1
13064.65,10.0,0.5,0.0,0,3,0,0,1
8479.35,0.0,0.0,0.0,0,3,0,0,0
13522.95,0.8187,0.0,0.0,0,3,0,0,0
1289.68,0.0,0.0,0.0,0,2,0,0,0
8010.79,0.4566,0.0,0.0,0,2,0,0,0
9368.79,6.4662,0.5,0.0,0,1,0,0,1
796.38,0.0,0.0,0.0,0,2,0,2,0
1781.15,0.0,0.0,0.0,0,1,0,2,0
18956.38,5.1002,0.5,0.0,0,8,1,2,1
14708.3,0.1041,0.0,0.0,0,2,0,1,0
14403.49,10.0,0.0,0.0,0,3,0,0,1
13512.92,10.0,0.5,0.5,1,9,1,1,1
3913.29,0.0,0.0,0.0,0,3,0,2,0
32591.13,10.0,0.0,0.0,0,8,0,3,1
2113.44,0.0,0.0,0.0,0,2,0,0,0
68082.9,10.0,0.5,1.0,0,3,1,1,1
14167.13,10.0,0.5,0.0,0,3,0,0,1
10530.92,10.0,0.0,0.5,0,1,0,0,1
12938.89,0.4698,0.0,0.0,1,1,0,0,1
3021.05,0.0,0.0,0.0,0,3,1,0,0
10018.78,4.5618,1.0,1.0,0,3,1,3,1
43078.49,10.0,1.0,0.5,0,2,0,3,1
12717.9,4.5876,0.0,0.0,0,2,0,0,1
49727.8,10.0,1.0,1.0,1,7,0,1,1
10094.87,0.0,0.0,0.0,0,2,0,0,0
32496.35,10.0,0.0,0.5,1,9,0,3,1
2837.1,0.0,0.0,0.0,0,1,0,0,0
6293.81,1.6964,0.0,0.0,0,2,1,0,0
96758.17,10.0,0.5,0.5,0,3,1,1,1
12751.14,0.0,0.0,0.0,0,1,0,0,0
3483.19,0.0,0.0,0.5,0,3,0,0,0
492.91,0.0,0.0,0.0,0,1,1,0,0
6587.05,3.9003,0.0,0.0,0,2,0,0,0
3119.81,0.0,0.0,0.0,0,1,0,0,0
69932.32,10.0,0.0,1.0,1,5,1,3,1
4409.24,2.151,0.0,0.0,0,1,0,0,0
10756.09,0.6017,0.0,0.0,1,2,0,0,1
2073.21,0.0,0.5,0.0,0,2,0,0,0
29601.03,10.0,1.0,1.0,0,6,1,2,1
12358.92,2.4478,0.0,0.5,0,2,0,0,0
91768.28,10.0,0.0,0.5,0,4,1,1,1
6899.21,5.013,0.0,0.0,0,3,0,0,1
4214.1,0.0,0.0,0.0,0,3,0,0,0
2748.6,0.0,0.0,0.0,0,1,1,0,0
52218.3,10.0,0.0,0.0,0,2,1,1,1
7530.53,0.0,0.0,0.0,0,1,0,0,0
8874.46,6.4385,0.0,0.0,0,1,0,0,1
71194.03,10.0,1.0,1.0,1,6,0,2,1
13491.1,0.0,0.0,0.0,0,2,0,0,0
13088.11,0.0,0.0,0.0,0,3,0,1,0
8269.33,0.0,0.0,0.0,0,3,0,0,0
11517.97,0.0,0.5,0.0,0,1,0,2,0
7670.68,0.0,0.0,0.0,0,3,0,1,0
2150.72,0.0,0.0,0.0,0,1,0,0,0
7379.78,2.0068,0.0,0.0,0,1,0,0,0
5819.85,0.0,0.0,0.0,0,3,0,0,0
10751.71,10.0,0.0,1.0,1,3,0,1,1
8721.02,0.2735,0.0,0.0,0,1,1,0,0
7558.69,4.5205,0.0,0.0,0,3,0,0,1
99575.39,10.0,0.0,1.0,0,6,1,2,1
91010.65,10.0,1.0,1.0,1,8,1,1,1
10544.89,7.3964,0.0,0.0,0,2,0,0,1
8893.95,0.5138,0.0,0.0,0,3,0,1,0
21155.97,8.3488,0.0,0.5,1,8,1,3,1
8490.98,5.4125,0.0,1.0,1,1,1,1,1
5862.45,0.1326,0.0,0.0,0,3,1,0,0
8742.45,0.1495,0.0,0.0,0,2,0,1,0
2841.82,0.0,0.0,0.0,0,2,0,0,0
14308.89,10.0,0.5,0.0,0,3,1,0,1
11712.96,6.0423,0.5,0.0,0,3,0,0,1
5390.43,0.0,0.0,0.0,0,3,0,1,0
21134.1,10.0,0.0,0.0,1,9,0,1,1
2992.26,0.0,0.0,0.0,0,3,0,1,0
14997.25,2.509,0.5,0.0,0,3,0,0,0
9036.29,1.4662,0.0,0.0,0,3,0,0,0
42548.28,10.0,0.0,0.5,0,8,1,2,1
8366.54,0.0,0.0,0.0,0,2,1,0,0
4269.83,0.0,0.0,0.0,0,3,0,0,0
31092.52,10.0,1.0,1.0,1,6,1,3,1
90309.5,10.0,1.0,1.0,1,5,0,2,1
44547.09,10.0,0.0,0.0,1,9,1,1,1
2698.51,0.0,0.0,0.0,0,1,0,0,0
1294.11,0.0,0.0,0.0,0,1,0,0,0
11364.57,5.0191,0.5,0.0,0,3,0,0,1
61405.22,10.0,0.5,1.0,0,2,1,1,1
47414.12,10.0,0.5,0.5,0,8,1,1,1
3760.57,1.5071,0.0,0.0,0,2,0,0,0
10204.05,0.0,0.0,0.0,0,3,0,0,0
65911.02,10.0,0.5,1.0,0,4,1,1,1
14066.11,10.0,0.0,0.0,0,2,0,0,1
12215.02,0.1754,0.0,0.5,0,3,0,2,0
20456.54,10.0,1.0,1.0,0,2,0,3,1
46965.56,10.0,0.0,0.5,1,9,0,2,1
8926.88,0.0,0.0,0.0,0,3,0,0,0
20017.14,10.0,1.0,1.0,1,4,1,2,1
11671.76,1.0891,1.0,1.0,1,5,0,2,1
1121.05,4.6216,0.0,0.0,0,1,0,0,1
66859.73,10.0,1.0,1.0,1,3,1,3,1
1973.91,0.0,0.0,0.0,0,3,0,0,0
2412.8,0.0,0.0,0.0,0,1,0,0,0
10859.69,0.2375,0.0,0.0,0,2,0,0,0
7917.53,8.1072,0.5,0.0,0,3,0,0,1
1561.43,0.0,0.0,0.0,0,2,0,0,0
10866.37,0.0,0.0,0.0,0,2,0,0,0
9282.77,0.0,0.0,0.5,0,2,0,0,0
6317.86,0.0,0.0,0.0,0,7,1,2,1
87296.36,10.0,0.0,0.5,1,5,0,2,1
53510.76,10.0,0.5,0.0,0,3,1,1,1
2269.48,0.0,0.0,0.0,0,3,0,0,0
14965.47,0.8281,0.0,0.5,0,1,0,0,0
7602.38,1.2011,0.5,0.0,0,2,1,1,0
414.51,0.0,0.0,0.0,0,2,0,0,0
26821.3,10.0,1.0,0.5,1,3,0,2,1
8631.26,10.0,0.0,0.0,0,1,0,0,1
9921.31,10.0,1.0,0.5,0,3,0,1,1
14724.34,0.4845,0.0,0.0,0,1,0,0,0
6644.14,0.0,0.0,0.0,0,2,0,0,0
49240.96,10.0,0.5,1.0,1,1,1,1,1
4339.55,0.0,0.0,0.0,0,1,0,0,0
4815.63,0.0,0.5,0.0,0,8,1,1,1
3360.25,0.0,0.0,0.0,1,2,0,1,1
11334.25,0.0,0.0,0.0,0,1,0,0,0
2199.9,0.0,0.0,0.0,0,1,0,2,0
3760.6,0.0,0.0,0.0,0,1,0,2,0
7883.67,0.0,0.0,0.0,0,2,0,0,0
4457.63,0.0,0.0,0.0,0,1,0,0,0
60479.94,10.0,0.5,1.0,1,5,1,3,1
5350.16,0.0,0.0,0.0,0,2,0,0,0
7012.94,0.0,0.0,0.0,0,3,0,0,0
7043.98,0.0,0.0,0.0,0,1,1,0,0
14323.61,2.7323,1.0,1.0,1,2,0,3,1
10109.72,2.4279,0.0,0.0,0,1,0,0,0
11614.83,10.0,0.0,0.5,0,1,0,0,1
30510.05,10.0,0.5,0.5,1,8,1,3,1
13012.67,10.0,0.0,0.0,0,3,0,0,1
10862.69,1.1687,0.0,0.0,0,2,0,0,0
74228.58,10.0,0.0,1.0,1,2,0,2,1
2063.58,0.0,0.0,0.0,0,3,0,0,0
8096.12,0.4077,0.0,0.0,0,1,0,0,0
11436.08,2.1257,0.0,0.0,0,3,1,1,0
1472.71,4.2992,0.0,0.5,0,3,0,0,1
4502.38,0.1087,0.0,0.0,0,3,1,0,0
3387.08,1.0086,0.0,0.0,0,2,0,0,0
10385.77,1.4027,0.0,0.0,0,3,0,0,0
11070.14,1.7977,0.5,0.0,0,3,0,0,0
19557.15,10.0,0.0,1.0,1,1,1,1,1
31168.82,10.0,1.0,0.5,0,4,1,1,1
9810.31,1.4778,0.0,0.0,0,2,0,0,0
14379.54,4.5035,0.0,0.0,0,2,0,0,1
11109.57,1.8513,0.0,0.0,0,2,0,2,0
75716.18,10.0,0.0,1.0,0,2,1,3,1
11889.39,10.0,0.0,0.0,0,1,0,0,1
9119.09,0.417,0.0,0.0,0,3,1,0,0
10600.88,0.0,0.5,0.0,0,3,0,0,0
47717.39,10.0,1.0,1.0,1,2,0,1,1
25717.48,10.0,1.0,1.0,0,4,1,1,1
3645.67,0.0,0.0,0.0,0,3,0,0,0
12093.62,3.1535,0.0,0.0,0,1,0,0,0
14538.94,10.0,0.0,0.0,0,1,0,0,1
7248.24,6.5104,0.0,0.0,0,2,1,0,1
6637.14,0.0,0.0,0.0,0,2,0,0,0
12373.78,0.0,0.0,0.0,0,3,1,0,0
2933.5,2.1791,0.0,0.5,0,3,0,2,0
4686.45,0.0,0.0,0.0,1,2,0,0,1
1172.2,0.0,0.0,0.0,0,2,0,0,0
13677.83,2.0587,0.0,0.0,0,2,0,0,0
5866.63,0.0,0.0,0.0,0,1,0,0,0
94264.26,10.0,0.0,1.0,0,7,1,2,1
12885.29,10.0,0.5,0.5,0,2,1,2,1
6407.6,0.0,0.0,0.0,0,1,1,0,0
11613.18,10.0,0.0,0.0,0,1,0,0,1
12700.25,5.9022,0.0,0.0,0,3,0,0,1
12763.2,10.0,0.0,0.0,0,1,0,0,1
9025.38,4.6789,0.0,0.0,0,1,0,0,1
7989.94,0.0,0.0,0.5,0,1,0,0,0
51940.34,10.0,0.0,1.0,0,1,0,2,1
30042.33,10.0,0.5,0.5,0,9,0,1,1
2806.83,4.2814,0.0,0.0,0,3,0,0,1
7714.36,0.0,0.0,0.0,0,1,0,1,0
7396.31,0.0,0.0,0.0,0,1,0,0,0
38388.85,10.0,1.0,1.0,1,8,1,1,1
22260.03,7.2028,1.0,1.0,0,6,0,2,1
10750.0,1.554,0.0,0.0,1,1,0,0,1
12543.33,0.7625,0.0,0.5,0,1,1,0,0
6079.35,8.5384,0.5,0.0,0,2,0,0,1
2569.61,10.0,0.0,0.0,0,2,0,0,1
8395.33,0.0,0.0,0.0,0,3,0,0,0
9865.84,10.0,0.0,0.0,0,2,0,0,1
5294.25,0.0,0.0,0.0,0,2,0,0,0
4616.33,0.0,0.5,0.0,0,3,0,2,0
3774.17,0.0,0.0,0.0,0,2,0,0,0
8603.57,10.0,0.0,0.0,0,2,0,1,1
13879.45,7.6494,0.5,0.5,1,3,0,0,1
4527.96,6.248,0.0,0.0,0,1,0,2,1
5982.39,0.0,0.0,0.0,0,3,0,1,0
12538.74,0.7327,0.0,0.0,0,2,1,0,0
2005.97,0.0,0.0,0.0,0,1,0,0,0
10110.83,6.2417,0.0,0.0,0,3,0,0,1
11692.89,2.2179,0.0,0.0,0,2,1,0,0
7523.59,3.9442,0.0,0.0,0,3,0,0,0
12246.85,0.0799,0.0,0.0,0,2,0,0,0
7791.19,0.0,0.0,0.0,0,2,0,0,0
9986.69,0.1618,0.0,0.0,0,1,0,0,0
86493.97,10.0,0.5,0.0,1,6,1,3,1
12636.93,7.1728,0.0,0.0,0,2,0,0,1
341.88,0.0,0.0,0.0,0,1,0,2,0
8949.43,3.9646,0.0,0.5,0,2,0,0,0
13808.82,1.4337,0.0,0.0,0,2,0,0,0
5924.14,10.0,0.0,0.0,0,2,0,0,1
6620.9,0.1529,0.5,0.0,1,8,1,1,1
4862.51,0.0,0.0,0.0,0,3,0,0,0
6874.21,10.0,0.0,0.0,0,2,1,0,1
12503.75,1.0249,0.0,0.0,1,3,0,1,1
61646.55,10.0,1.0,1.0,1,9,1,1,1
8874.23,0.0,0.0,0.0,0,3,1,0,0
27913.77,9.0226,1.0,1.0,0,4,1,2,1
40088.87,10.0,1.0,1.0,1,2,1,3,1
8195.36,0.0,0.0,0.0,0,1,1,0,0
87915.53,10.0,0.0,0.5,1,4,1,2,1
8444.38,10.0,0.0,0.0,0,1,1,0,1
14859.52,10.0,0.0,0.0,0,1,0,0,1
42688.08,10.0,1.0,1.0,1,6,0,3,1
24887.61,10.0,0.0,0.0,0,7,0,1,1
5764.29,0.0,0.0,0.0,0,1,0,0,0
997.65,0.0,0.0,0.0,0,1,0,0,0
7861.92,10.0,0.0,0.0,1,7,1,1,1
49108.02,10.0,1.0,1.0,1,3,1,3,1
2372.26,0.0,0.0,0.5,0,8,1,3,1
13013.09,2.1905,0.0,0.0,0,3,0,0,0
7954.18,8.9278,0.5,1.0,1,5,0,1,1
410.13,0.0,0.0,0.0,0,3,0,0,0
8376.54,2.0793,0.0,0.0,0,1,0,0,0
867.12,0.0,0.0,0.0,0,3,0,0,0
12871.62,8.3506,0.5,0.5,0,2,0,0,1
4758.7,0.0,0.0,0.0,0,3,0,0,0
25543.72,10.0,1.0,0.5,0,3,1,3,1
6110.75,0.0,0.0,0.0,0,2,0,0,0
5671.12,0.0,0.0,0.5,0,3,0,1,0
24584.33,10.0,1.0,1.0,0,1,1,1,1
83820.74,10.0,1.0,1.0,1,5,1,2,1
12350.51,0.1325,0.0,0.0,0,2,0,0,0
14272.34,10.0,0.0,1.0,0,5,1,3,1
12868.44,10.0,0.0,0.0,0,2,0,2,1
14573.1,2.784,0.0,0.5,0,3,0,0,0
5841.58,0.0,0.5,0.5,0,1,1,0,0
13681.9,1.2328,0.0,0.0,1,3,0,0,1
2958.33,0.0,0.5,0.0,0,1,0,0,0
9808.01,0.0,0.0,0.0,0,3,0,0,0
76430.49,10.0,1.0,1.0,0,1,1,3,1
95530.29,10.0,1.0,1.0,1,9,1,1,1
6031.63,0.0,0.0,0.0,0,1,0,0,0
13506.64,10.0,0.0,0.5,0,1,1,2,1
54397.22,10.0,1.0,1.0,1,6,0,3,1
23759.3,10.0,0.0,1.0,0,1,0,3,1
5551.6,2.0035,0.5,0.0,0,1,0,0,0
2868.83,0.0,0.0,0.0,0,3,0,0,0
478.76,0.0,0.5,0.0,0,2,0,0,0
39646.21,10.0,1.0,1.0,1,5,1,3,1
748.17,0.0,0.0,0.0,0,2,0,0,0
50703.24,10.0,0.5,1.0,1,1,0,3,1
4839.68,10.0,0.5,0.0,0,2,0,1,1
4796.58,4.5333,0.0,0.0,0,1,0,0,1
2301.8,0.0,0.5,0.0,0,2,0,0,0
1871.45,5.5058,0.0,0.0,0,3,0,0,1
4838.47,0.0,0.0,0.5,0,2,0,0,0
8936.58,0.0,0.0,0.0,0,1,0,0,0
10404.99,0.0,0.0,0.5,0,2,0,2,0
7518.04,6.4752,0.0,0.0,0,1,0,1,1
9581.49,0.0,0.0,0.0,0,2,0,0,0
2770.87,0.0,0.0,0.0,0,1,0,0,0
14972.22,6.4437,1.0,1.0,1,4,1,2,1
12148.21,9.1261,0.0,0.0,1,1,0,0,1
5477.44,0.0,0.0,0.0,0,1,0,0,0
54326.38,10.0,0.5,0.5,1,4,0,3,1
63624.31,10.0,0.0,1.0,0,3,0,1,1
3089.46,0.0,0.0,0.5,1,2,0,0,1
33622.66,10.0,0.0,0.0,0,8,0,2,1
11502.42,0.0,0.0,0.0,0,1,1,1,0
7426.7,4.349,0.0,0.0,0,3,0,0,1
8562.59,0.0,0.0,0.0,0,1,0,0,0
69913.42,10.0,0.0,0.5,0,6,1,1,1
33182.91,10.0,0.0,0.5,0,7,1,1,1
11206.09,10.0,0.5,0.0,0,2,0,0,1
10217.86,0.8621,0.0,0.0,0,2,1,0,0
6937.1,0.3035,0.0,0.5,0,3,0,0,0
13144.59,0.0,0.0,0.0,1,1,0,2,1
1450.18,0.0,0.0,0.0,0,2,0,0,0
9041.64,0.0,0.0,0.0,0,3,0,0,0
97926.87,10.0,1.0,1.0,1,8,1,3,1
10762.45,1.664,0.0,0.0,0,3,0,0,0
2974.54,0.0,0.0,0.0,0,2,0,0,0
2284.44,0.0,0.5,1.0,0,5,1,3,1
11767.62,6.4466,0.0,0.0,0,2,0,0,1
4487.27,6.7188,0.0,0.0,0,1,1,0,1
14070.5,10.0,0.0,0.0,0,1,0,0,1
10289.05,0.0,0.0,0.0,0,3,0,0,0
3266.33,0.0,0.5,0.0,0,3,0,0,0
14238.27,10.0,0.0,0.0,0,3,0,0,1
17180.77,6.9433,1.0,0.5,0,5,0,1,1
9979.07,10.0,0.0,0.0,0,1,0,0,1
53238.52,10.0,0.0,1.0,0,4,1,1,1
14695.58,1.3655,0.0,0.0,1,2,0,0,1
5905.32,0.0,0.0,0.0,0,3,0,0,0
55886.39,10.0,0.0,1.0,1,3,1,1,1
12314.45,10.0,0.0,0.0,1,1,0,0,1
5172.13,0.0,0.0,0.0,0,1,0,0,0
40758.59,10.0,1.0,1.0,0,6,0,1,1
41871.02,10.0,1.0,1.0,1,8,1,1,1
9488.52,3.3427,0.0,0.0,0,1,0,0,0
5227.97,0.0,1.0,1.0,0,1,1,2,1
7799.24,10.0,0.5,0.0,1,7,1,2,1
11957.97,10.0,0.5,0.0,0,2,1,2,1
8028.22,0.4412,0.0,0.0,0,1,1,0,0
4326.17,0.0414,0.0,0.0,0,1,1,0,0
12817.8,2.4727,0.0,0.0,0,1,0,2,0
31957.09,10.0,1.0,0.5,1,2,1,2,1
11338.15,0.0,0.0,0.0,0,3,0,0,0
576.01,0.0,0.0,0.0,0,1,0,0,0
596.59,0.0,0.0,0.0,0,1,0,0,0
11135.91,0.3912,0.0,0.0,0,2,0,0,0
11582.12,0.0,0.0,0.0,0,2,0,0,0
3917.66,3.0824,0.5,0.0,0,8,1,3,1
25964.63,10.0,1.0,0.5,1,5,1,2,1
7011.88,0.0,0.0,0.0,0,1,1,0,0
4589.91,1.2157,0.0,0.0,0,1,1,0,0
123.8,0.0,0.0,0.5,0,3,0,0,0
3226.88,0.8117,0.0,0.0,0,3,0,0,0
3126.21,0.0,0.0,0.5,1,3,0,0,1
124.69,0.0,0.0,0.0,0,2,1,0,0
13070.1,0.3812,0.5,0.0,0,3,0,1,0
55197.31,10.0,1.0,1.0,1,7,0,2,1
7889.22,0.0,0.0,0.0,0,1,1,0,0
5647.54,0.0,0.0,0.0,0,2,0,0,0
11629.73,2.2864,0.5,0.5,0,9,1,2,1
13551.18,10.0,0.0,0.0,1,3,0,0,1
9685.9,0.0,0.0,0.0,0,3,1,0,0
7084.35,0.0,0.0,0.0,0,1,0,0,0
11676.2,0.2396,0.0,0.0,0,1,0,0,0
3749.27,0.0,0.0,0.0,0,3,0,2,0
3115.65,1.0202,0.0,0.5,0,3,0,0,0
14171.19,10.0,0.0,0.0,1,2,0,1,1
13312.24,0.0,0.0,0.0,0,3,0,0,0
11670.74,1.3722,0.0,0.0,0,3,0,0,0
6599.86,0.0,0.0,0.0,0,1,0,0,0
14803.06,10.0,0.0,0.0,0,1,0,0,1
41905.69,10.0,1.0,1.0,1,6,0,2,1
10654.56,10.0,0.0,0.0,0,3,0,0,1
48446.5,10.0,1.0,1.0,1,7,0,1,1
35387.73,10.0,0.5,1.0,0,4,0,1,1
5400.95,0.4184,0.0,0.5,0,3,0,2,0
36254.98,10.0,0.0,0.5,0,9,0,3,1
9069.38,6.2076,0.0,0.0,0,1,0,0,1
5854.52,0.0,0.0,0.0,0,1,0,0,0
6593.49,0.0,0.0,0.0,0,2,0,0,0
12381.47,5.1102,0.5,0.0,0,2,0,0,1
73137.7,10.0,1.0,1.0,1,8,0,1,1
14688.7,0.7399,0.0,0.0,0,1,1,0,0
54549.73,10.0,1.0,1.0,1,2,1,1,1
4409.98,4.5642,0.0,0.0,0,2,0,0,1
4836.53,10.0,0.0,0.5,0,3,1,0,1
3525.62,1.8282,0.0,0.5,0,1,0,1,0
14554.7,8.838,0.0,0.0,0,1,0,0,1
14782.68,3.4238,0.0,0.0,0,1,0,0,0
7733.68,0.0,0.0,0.0,0,3,0,0,0
11250.65,0.0,0.0,0.0,0,1,0,0,0
6309.29,10.0,0.0,0.0,0,1,0,0,1
2008.8,0.0,0.0,0.0,0,2,0,0,0
9256.41,10.0,0.0,0.0,1,3,1,0,1
6461.59,0.0,0.0,0.0,0,1,1,0,0
10625.19,0.0,0.0,0.5,0,1,0,1,0
9291.03,10.0,1.0,1.0,0,4,0,1,1
49326.12,10.0,1.0,1.0,0,6,0,2,1
57639.76,10.0,1.0,1.0,1,8,1,1,1
43017.78,10.0,0.5,0.0,0,8,1,1,1
55624.26,10.0,1.0,1.0,0,5,0,1,1
5000.18,0.0,0.0,0.0,0,2,0,0,0
5900.73,1.076,1.0,0.5,1,4,1,3,1
4521.79,10.0,0.0,0.0,0,3,0,0,1
4667.46,0.0,0.0,0.0,0,2,1,0,0
9184.59,2.5164,0.0,0.0,0,2,0,2,0
50584.34,10.0,1.0,1.0,1,1,0,3,1
28168.31,6.9419,0.0,0.5,0,8,0,1,1
12123.4,0.0,0.0,0.5,0,3,0,0,0
11380.74,1.3148,0.0,0.5,0,1,0,0,0
14132.13,10.0,0.0,1.0,0,3,1,2,1
83422.21,10.0,1.0,1.0,1,6,0,3,1
14947.87,10.0,0.0,0.0,0,3,0,0,1
2482.55,0.0,0.0,0.0,0,1,0,0,0
92626.3,10.0,0.0,0.0,0,4,1,3,1
79021.62,10.0,0.0,1.0,0,2,1,2,1
3234.8,0.0,0.5,0.0,0,2,0,0,0
3865.63,0.0,0.0,0.0,0,1,0,0,0
13550.69,3.1882,0.0,0.0,0,3,0,0,0
339.34,0.0,0.0,0.0,0,2,0,0,0
63353.73,10.0,1.0,1.0,1,5,0,1,1
51525.13,10.0,0.0,1.0,1,3,1,1,1
75869.58,10.0,0.0,1.0,0,2,1,2,1
13513.55,1.2406,0.0,0.0,1,3,0,0,1
14349.95,1.789,0.0,0.0,1,3,1,0,1
67443.06,10.0,1.0,1.0,0,1,0,3,1
9960.51,0.0,0.0,0.0,0,1,0,0,0
10847.77,3.3824,0.0,0.0,0,3,0,1,0
6835.82,3.1954,0.0,0.0,0,3,0,0,0
12218.21,10.0,0.0,0.0,0,1,1,0,1
3448.72,0.7495,0.0,0.0,0,3,1,0,0
3281.52,0.0,0.0,0.0,0,2,0,0,0
7345.4,10.0,0.5,0.0,0,3,0,2,1
5315.12,0.0,0.0,0.0,0,3,0,1,0
27911.78,10.0,0.0,0.0,0,8,1,3,1
1112.68,0.0,0.0,0.0,0,3,0,0,0
1137.97,0.0,0.0,0.0,0,3,0,2,0
1009.32,0.0,0.0,0.0,0,3,0,0,0
10303.88,0.0,0.0,0.0,0,3,0,0,0
3068.09,2.7105,0.0,0.0,0,3,0,0,0
67403.2,10.0,0.0,1.0,1,4,0,2,1
34956.25,10.0,1.0,1.0,1,9,1,2,1
4362.51,0.0,0.0,0.0,0,3,0,0,0
65605.28,10.0,0.5,0.5,1,7,1,3,1
1061.73,0.0,0.0,0.0,0,1,0,0,0
49398.08,10.0,0.0,0.5,0,7,0,2,1
14547.44,5.4213,0.0,0.0,0,3,0,0,1
12707.4,10.0,0.0,0.0,1,1,1,0,1
87448.16,10.0,1.0,1.0,1,9,0,3,1
744.98,0.0,0.0,0.0,0,3,0,0,0
6381.77,0.0,0.0,0.0,0,2,0,0,0
7168.09,1.2951,0.0,0.0,0,1,0,0,0
7192.75,10.0,0.0,0.5,0,1,0,0,1
10721.61,1.9942,0.0,0.0,0,3,1,0,0
11101.57,0.3386,0.0,0.0,0,3,0,0,0
10453.74,0.0,0.0,0.0,0,3,0,2,0
14312.53,0.6447,0.0,0.0,0,2,0,0,0
1567.33,10.0,0.0,0.0,1,2,0,0,1
13337.23,2.6542,0.0,0.0,0,1,0,0,0
1459.51,0.0,0.0,0.0,0,3,0,0,0
15456.92,2.9938,1.0,1.0,0,3,0,2,1
12525.66,5.0149,0.0,0.0,0,3,0,2,1
5711.36,3.2202,0.0,0.0,0,1,1,0,0
58045.01,10.0,0.5,0.5,0,4,1,1,1
8367.29,10.0,0.0,0.0,0,1,0,0,1
11217.19,0.0,0.0,0.0,0,1,0,0,0
8101.22,3.3397,0.0,0.5,0,2,0,0,0
76459.19,10.0,0.0,0.0,1,3,0,3,1
9680.13,1.0023,0.0,0.0,0,3,0,0,0
591.79,0.8732,0.0,0.0,0,2,1,0,0
1261.2,0.0,0.0,0.0,0,2,1,0,0
10578.62,5.9543,0.0,0.0,0,2,0,0,1
14282.34,2.2267,0.0,0.0,0,3,0,0,0
2186.72,0.0,0.0,0.0,1,3,0,2,1
5504.09,4.6529,0.0,0.0,0,1,0,0,1
13475.11,0.0,0.5,0.0,0,3,0,1,0
76604.07,10.0,1.0,1.0,1,6,0,2,1
9633.78,2.0383,0.0,0.0,0,2,0,0,0
1049.58,1.6643,0.0,0.0,0,2,0,0,0
8503.36,0.0,0.0,0.0,0,2,0,2,0
11264.34,10.0,0.0,0.0,0,2,0,0,1
12786.36,9.623,0.5,0.0,0,8,0,3,1
1375.08,0.0,0.0,0.0,0,3,0,0,0
8359.53,0.3353,0.0,0.0,0,3,0,0,0
12300.03,0.0,0.0,0.0,0,2,0,0,0
49543.49,10.0,1.0,1.0,0,5,0,1,1
67109.31,10.0,0.0,1.0,0,1,1,3,1
80052.23,10.0,1.0,1.0,1,5,1,3,1
25593.01,10.0,0.0,0.5,1,8,1,2,1
8420.12,0.0,0.0,0.0,0,2,0,0,0
8955.68,8.8141,0.0,0.0,0,2,0,0,1
7593.83,0.0,0.0,0.0,0,3,0,0,0
1762.53,0.0,0.5,0.0,0,3,0,0,0
2558.24,0.0,0.5,0.0,0,2,0,0,0
10418.84,7.2919,0.0,0.0,0,3,0,0,1
10812.94,0.6741,0.0,0.0,0,3,0,0,0
43382.81,10.0,1.0,1.0,1,7,1,2,1
3736.73,0.0,0.0,0.0,0,1,0,0,0
3640.16,0.0,0.0,0.0,0,1,0,0,0
61758.54,10.0,0.0,1.0,0,5,1,1,1
9582.99,7.4913,0.0,0.0,0,3,0,0,1
70878.5,10.0,0.5,1.0,0,5,0,2,1
6710.16,0.0,0.0,0.0,0,3,0,0,0
2044.81,0.0,0.0,0.0,0,2,0,0,0
6098.52,0.0,0.5,0.0,0,2,0,0,0
11714.58,0.5854,0.0,0.0,0,1,0,0,0
14051.22,9.4772,0.0,0.0,0,1,0,0,1
9145.83,4.1991,0.5,0.0,0,2,0,1,1
337.55,0.0,0.0,0.0,0,1,0,0,0
14944.11,7.8661,0.0,0.0,0,2,0,2,1
80235.88,10.0,0.0,1.0,0,1,1,3,1
8736.63,0.4199,0.0,0.0,0,1,0,0,0
14118.91,1.04,0.5,0.0,0,2,0,0,0
11882.84,9.8696,0.5,0.5,0,1,0,0,1
13961.25,0.2783,0.0,0.5,0,1,0,0,0
39122.79,10.0,1.0,0.5,0,2,0,3,1
11011.71,0.0,0.0,0.0,0,3,0,0,0
14140.27,5.0546,0.0,0.0,0,1,0,2,1
55444.97,10.0,0.0,0.5,0,6,0,3,1
5539.78,7.749,0.0,0.0,0,3,0,0,1
92909.06,10.0,0.5,0.0,0,1,1,2,1
12731.83,10.0,0.0,0.0,0,1,0,0,1
6671.33,10.0,0.0,0.0,0,3,0,0,1
6334.16,0.0,0.5,0.0,0,8,1,1,1
8338.97,0.0,0.0,0.0,0,1,0,0,0
1370.73,2.3457,0.0,0.0,0,2,0,2,0
36269.58,10.0,0.5,0.5,0,7,1,1,1
59374.97,10.0,1.0,1.0,0,5,0,2,1
14855.86,3.7841,0.0,0.0,0,1,0,0,0
13156.93,4.691,0.0,0.0,0,3,0,0,1
1792.36,0.0,0.0,0.0,0,1,0,0,0
5403.88,10.0,0.0,0.0,0,3,0,0,1
59213.9,10.0,1.0,1.0,1,7,0,2,1
91909.76,10.0,0.5,0.5,1,4,1,2,1
89640.38,10.0,0.5,1.0,1,5,1,1,1
24528.5,10.0,0.0,0.0,1,9,1,2,1
4561.04,0.0,0.0,0.0,0,2,1,0,0
37189.29,10.0,0.5,0.0,0,8,1,3,1
1805.48,0.0,0.0,0.0,0,3,0,1,0
12243.72,0.4359,0.0,0.0,1,3,0,0,1
5096.3,0.0,0.0,0.5,0,2,0,1,0
64118.78,10.0,1.0,1.0,1,9,1,3,1
9165.61,2.7595,0.5,0.5,0,2,0,0,0
2108.61,0.0,0.0,0.5,0,2,0,0,0
72495.34,10.0,0.5,0.0,1,1,0,3,1
58668.88,10.0,0.5,0.0,0,4,1,1,1
6435.4,7.1535,0.0,0.0,0,2,0,0,1
12886.68,10.0,0.0,0.0,0,1,0,0,1
13843.15,10.0,0.0,0.0,0,2,1,0,1
42786.62,10.0,1.0,1.0,1,7,1,3,1
10124.66,2.8996,0.0,0.0,0,2,0,0,0
6294.36,1.2813,0.0,0.0,0,2,1,0,0
1323.66,0.0,0.0,0.5,0,3,0,2,0
8823.93,0.0,0.0,0.0,0,1,0,0,0
6949.43,10.0,0.0,0.5,0,1,0,0,1
1729.2,1.6993,0.0,0.0,0,1,0,0,0
12806.9,0.5123,0.0,0.0,0,1,0,0,0
11057.91,10.0,0.0,0.0,0,3,0,0,1
6427.74,1.897,0.0,0.0,0,1,0,0,0
1738.24,0.0,0.0,0.0,0,2,0,0,0
1669.94,0.0,0.0,0.0,0,3,0,0,0
2724.87,10.0,0.0,0.0,0,3,0,0,1
10631.97,10.0,0.0,0.0,0,1,0,0,1
10383.54,0.0,0.0,0.0,0,3,0,1,0
8681.89,7.4365,0.5,0.0,0,2,0,0,1
4954.12,10.0,0.0,0.0,1,3,0,1,1
12647.22,0.7361,0.0,0.0,0,2,0,2,0
9937.09,0.5766,0.0,0.0,0,3,0,0,0
70078.72,10.0,1.0,1.0,1,8,1,1,1
2073.68,0.0,0.0,0.5,0,2,0,0,0
14676.42,1.7801,0.0,0.5,0,1,1,1,0
4929.74,0.0,0.5,0.0,0,3,0,0,0
12075.85,0.0,0.0,0.5,1,1,0,1,1
7392.13,4.6313,0.0,0.0,0,1,0,0,1
2400.31,0.0,0.0,0.0,0,3,0,2,0
1186.99,0.0,0.0,0.5,0,1,0,0,0
8792.53,0.0,0.0,0.0,0,1,0,2,0
1433.71,0.0,0.0,0.0,0,1,0,0,0
9905.19,0.0,0.0,0.0,0,1,0,0,0
11699.84,0.5079,0.0,0.0,0,1,1,1,0
34984.56,10.0,0.0,0.0,1,8,1,3,1
4955.65,0.0,0.0,0.0,0,1,0,0,0
55759.98,10.0,1.0,1.0,1,6,0,2,1
6470.32,5.3753,0.0,0.0,0,2,0,0,1
8582.42,0.0,0.0,0.0,0,2,0,0,0
61405.16,10.0,0.0,0.0,0,1,1,1,1
55053.83,10.0,0.0,1.0,0,4,0,2,1
55236.15,10.0,0.5,0.0,1,1,0,1,1
319.72,0.0,0.0,0.0,0,3,0,0,0
10845.58,0.0,0.0,0.0,0,1,0,0,0
6382.29,5.8398,0.0,0.0,0,2,0,0,1
65870.71,10.0,1.0,1.0,1,7,1,3,1
44571.23,10.0,1.0,1.0,1,6,1,1,1
8661.19,10.0,0.0,0.0,0,1,1,0,1
221.08,0.0,0.0,0.0,0,2,0,0,0
10913.03,2.7764,0.0,0.0,0,1,0,2,0
11964.74,7.6367,0.0,0.0,0,3,0,0,1
82892.7,10.0,0.5,1.0,1,1,0,3,1
34920.68,10.0,1.0,0.5,0,2,0,2,1
11961.89,0.7995,0.0,0.0,0,2,0,0,0
40902.29,10.0,1.0,1.0,1,9,1,1,1
58448.04,10.0,0.5,1.0,1,2,0,2,1
14193.48,8.9725,0.0,0.0,0,1,0,0,1
43680.43,10.0,0.0,1.0,1,4,0,2,1
8053.29,0.0,0.0,0.0,0,2,0,0,0
2461.85,4.3773,0.0,0.0,0,3,0,0,1
14507.79,0.0458,0.0,0.5,0,2,0,0,0
10603.35,0.402,0.0,0.5,0,1,0,0,0
48721.12,10.0,1.0,0.5,1,2,1,1,1
6796.73,0.0,0.0,0.5,0,1,0,1,0
2891.56,0.0,0.0,0.0,0,2,0,2,0
7036.58,0.0,0.0,0.0,0,1,0,1,0
56820.37,10.0,0.0,0.5,0,5,0,3,1
5471.3,0.0,0.0,0.0,1,2,0,0,1
2781.61,0.0,0.0,0.0,0,1,0,0,0
984.94,0.0,0.5,0.0,0,1,0,0,0
11550.17,1.5421,0.0,0.0,0,1,0,0,0
6400.76,0.0,0.0,0.0,0,1,0,0,0
4708.02,0.0,0.0,0.0,0,1,1,0,0
14007.83,10.0,0.0,0.5,0,2,0,2,1
10613.1,4.1877,0.0,0.0,0,2,1,1,1
73087.9,10.0,1.0,1.0,1,2,0,3,1
65459.85,10.0,1.0,1.0,1,7,1,2,1
2258.07,0.0,0.0,0.0,0,1,0,0,0
9846.94,0.0,0.0,0.0,0,3,0,0,0
14919.49,7.2373,0.0,0.0,0,1,0,0,1
53190.88,10.0,1.0,1.0,1,6,1,1,1
144.96,0.0,0.0,0.0,0,1,0,0,0
7422.79,0.0,0.0,0.0,0,2,0,0,0
55530.98,10.0,0.5,1.0,0,7,1,2,1
4427.4,0.0,0.0,0.0,0,2,0,0,0
12472.33,3.9965,0.0,0.0,0,2,0,0,0
73660.54,10.0,1.0,1.0,1,8,1,3,1
27079.1,10.0,1.0,1.0,1,2,0,3,1
12912.19,0.0,0.0,0.0,0,3,1,2,0
11086.57,2.5894,0.0,0.5,0,1,0,0,0
5361.16,0.0,0.0,0.0,0,1,0,0,0
3576.95,0.0,0.0,0.0,0,3,0,0,0
14506.16,3.1564,0.0,0.5,0,1,0,0,0
23539.78,10.0,1.0,0.5,0,6,1,1,1
45318.86,10.0,1.0,1.0,1,5,0,1,1
13336.65,5.2222,0.5,0.0,0,3,1,0,1
8432.08,0.0,0.0,0.0,0,1,1,0,0
60871.62,10.0,0.5,1.0,1,3,0,1,1
4986.33,0.0,0.0,0.0,0,3,0,0,0
14289.5,0.3138,0.0,0.0,0,3,0,0,0
442.44,0.0,0.0,0.0,0,2,0,0,0
11048.48,0.0,0.0,0.0,0,2,0,0,0
834.18,0.0,0.0,0.0,0,2,0,0,0
14395.89,10.0,0.0,0.0,0,2,0,2,1
4185.66,0.0,0.0,0.0,0,2,0,0,0
4700.5,0.0,0.0,0.0,0,1,0,1,0
76404.39,10.0,0.0,1.0,1,3,0,1,1
10288.29,0.0,0.0,0.0,0,3,0,0,0
27372.79,10.0,0.0,0.5,0,8,1,3,1
359.99,0.0,0.0,0.0,0,3,1,1,0
9997.26,0.0,0.0,0.5,0,3,0,0,0
11017.3,0.0,0.0,0.0,0,3,0,0,0
6482.41,0.0,0.0,0.0,0,1,0,0,0
12311.52,0.2047,0.0,0.0,0,2,0,0,0
8492.69,10.0,0.0,0.0,0,3,0,0,1
59679.72,10.0,1.0,1.0,1,3,0,2,1
51572.49,10.0,1.0,0.5,0,2,1,3,1
32574.57,10.0,0.5,0.0,1,8,0,2,1
2025.67,0.0,0.0,0.0,0,3,0,0,0
31541.13,10.0,1.0,1.0,1,7,0,3,1
23125.45,10.0,1.0,1.0,1,3,1,3,1
1856.65,0.0,0.0,0.0,0,1,0,0,0
66893.08,10.0,1.0,1.0,1,9,0,1,1
12044.97,6.6613,0.0,0.0,0,1,0,0,1
2625.91,0.0,0.0,0.5,0,3,0,0,0
94142.04,10.0,1.0,1.0,1,8,1,1,1
33488.42,10.0,0.0,0.0,0,8,1,1,1
13881.07,10.0,0.0,0.0,0,3,0,2,1
6138.08,1.9836,0.0,0.5,0,2,0,0,0
3807.85,1.0589,0.0,0.0,0,2,1,0,0
4098.14,0.0,0.0,0.0,0,1,0,0,0
6578.76,0.0,0.0,0.5,0,2,1,0,0
51543.53,10.0,1.0,1.0,0,6,1,1,1
33406.06,10.0,0.5,0.0,1,8,1,3,1
14573.87,7.5573,0.0,0.5,0,3,0,0,1
6964.56,4.4114,0.0,0.0,0,2,0,0,1
10795.12,0.0,0.0,0.0,0,3,0,0,0
4581.88,0.0,0.0,0.5,0,2,1,0,0
166.92,0.0,0.5,0.0,0,1,0,0,0
83624.32,10.0,0.5,1.0,1,7,0,1,1
8310.8,10.0,0.0,0.0,0,1,1,0,1
10489.17,5.2558,0.0,0.0,0,1,0,0,1
4083.99,0.0,0.5,0.0,0,3,0,0,0
8429.33,0.0,0.0,0.0,0,3,0,0,0
17512.17,10.0,0.5,0.5,1,9,1,3,1
14256.26,10.0,0.0,0.0,0,1,0,0,1
2390.06,0.0,0.0,0.5,0,1,0,0,0
8975.79,0.0,0.0,0.5,0,3,0,0,0
63862.92,10.0,0.0,1.0,1,2,0,3,1
52845.29,10.0,1.0,1.0,1,9,1,2,1
6482.42,0.0,0.0,0.0,0,3,1,0,0
3152.93,0.0,0.0,0.5,1,9,1,2,1
88441.22,10.0,1.0,1.0,1,9,1,3,1
2433.99,0.0,0.0,0.0,0,3,0,0,0
14948.39,0.6927,0.5,0.0,0,3,0,0,0
6004.63,0.0,0.0,0.0,0,2,1,0,0
81021.86,10.0,1.0,1.0,1,5,0,2,1
2665.4,6.082,0.0,0.0,0,1,0,2,1
5373.36,0.0,0.0,0.0,0,2,0,1,0
2015.23,0.0,0.0,0.0,0,3,0,0,0
15001.87,10.0,0.5,0.5,0,7,1,1,1
94844.02,10.0,0.5,0.0,1,7,0,2,1
4083.53,10.0,0.0,0.0,0,3,0,0,1
8026.46,0.0,0.0,0.0,0,2,0,0,0
782.22,0.0,0.0,0.0,0,3,0,0,0
14938.64,1.9999,0.0,0.0,0,3,0,0,0
88878.97,10.0,0.5,1.0,1,3,1,1,1
9321.44,0.0974,1.0,1.0,0,2,0,1,1
13870.42,1.9719,0.0,0.0,0,1,0,0,0
6893.4,0.0,0.0,0.0,0,1,0,0,0
13273.6,2.6276,0.0,0.0,0,3,1,0,0
29845.57,10.0,0.5,1.0,0,1,0,3,1
90628.08,10.0,1.0,1.0,1,7,0,3,1
7550.72,0.0,0.0,0.0,0,1,0,1,0
77196.93,10.0,0.0,0.5,1,2,1,2,1
2089.68,0.0,0.0,0.0,0,3,0,0,0
8547.79,8.4985,0.0,0.0,0,3,0,0,1
5787.19,0.7737,0.0,0.0,1,1,0,0,1
3838.62,1.7427,0.0,0.0,0,1,0,0,0
30201.33,10.0,0.0,1.0,1,4,0,3,1
3222.48,0.0,0.0,0.0,0,2,0,0,0
29013.77,10.0,0.0,0.0,1,8,1,3,1
8958.3,10.0,0.0,0.5,0,3,0,2,1
5276.87,10.0,0.0,0.0,0,2,0,0,1
7233.55,0.0,0.0,0.0,0,2,0,0,0
44540.04,10.0,1.0,0.5,1,2,1,2,1
11306.24,0.014,0.0,0.0,0,1,0,0,0
17949.59,10.0,1.0,1.0,0,5,1,3,1
804.15,0.0,0.0,0.0,0,2,1,0,0
38995.31,10.0,0.5,0.5,1,9,1,1,1
10296.68,0.2298,0.0,0.5,0,1,0,0,0
27303.89,10.0,1.0,1.0,1,6,1,2,1
1691.86,0.0,0.0,0.0,0,3,1,0,0
3874.71,10.0,0.0,0.0,0,1,0,0,1
9441.71,2.3291,0.0,0.0,0,2,0,0,0
50165.66,10.0,0.5,0.5,1,4,1,3,1
7266.92,0.0,0.0,0.0,0,1,1,0,0
14183.57,3.8699,0.0,0.0,0,2,0,0,0
9291.08,0.0,0.0,0.0,0,1,0,0,0
60.73,0.0,0.0,0.0,0,1,0,0,0
6165.49,0.0,0.5,0.0,0,3,0,0,0
6560.99,0.4487,0.0,0.0,0,3,0,0,0
23214.32,10.0,0.5,0.5,0,9,1,1,1
2380.97,7.2652,0.5,0.0,0,2,0,0,1
14626.97,0.4644,0.0,0.0,0,2,0,0,0
13904.84,10.0,0.0,0.0,0,3,0,1,1
45111.05,10.0,0.5,1.0,1,4,0,1,1
7463.84,10.0,0.0,0.0,0,3,0,0,1
74310.95,10.0,0.0,0.5,1,4,1,1,1
2948.48,0.0,0.0,0.0,0,3,0,0,0
9493.33,10.0,0.0,0.0,0,2,0,0,1
10181.16,0.0,0.0,0.5,0,3,0,0,0
9381.15,0.0,0.0,0.0,0,3,0,0,0
29848.38,10.0,0.0,1.0,1,5,1,1,1
8689.04,0.0,0.0,0.0,0,2,1,0,0
5422.75,0.0,0.0,0.0,0,1,0,0,0
44086.86,10.0,1.0,1.0,0,4,1,3,1
18598.81,7.4348,1.0,1.0,0,3,1,2,1
10407.13,10.0,1.0,0.5,0,5,1,3,1
13298.46,10.0,1.0,1.0,1,2,1,2,1
1545.61,0.0,0.0,0.0,0,1,0,0,0
69356.68,10.0,0.0,1.0,0,5,1,3,1
13722.14,10.0,0.0,0.0,0,2,0,0,1
8593.79,2.5899,0.0,0.0,0,1,0,0,0
6957.89,0.0,0.0,0.0,0,1,0,0,0
14781.45,10.0,0.0,0.0,0,2,0,0,1
94412.84,10.0,1.0,1.0,1,7,0,1,1
13029.95,10.0,0.0,0.0,0,2,0,0,1
13434.47,3.269,0.0,0.5,0,1,0,0,0
13156.81,10.0,0.0,0.0,0,1,0,0,1
11081.18,0.0,0.0,0.0,0,3,0,0,0
94796.64,10.0,0.0,1.0,1,1,1,2,1
5113.59,8.0473,0.0,0.0,0,3,0,0,1
1886.79,0.0,0.0,0.0,0,1,0,0,0
92466.84,10.0,0.0,0.5,1,1,1,2,1
12049.85,0.6029,0.5,0.5,0,3,0,0,0
11597.75,0.0,0.0,0.0,0,1,0,0,0
1060.58,0.0,0.0,0.0,0,1,0,0,0
3625.93,0.0,0.0,0.0,0,3,0,0,0
14218.3,10.0,0.0,0.0,0,3,1,0,1
811.3,0.0,0.0,0.0,0,3,0,0,0
4509.73,4.7781,0.5,0.0,0,3,0,2,1
14298.71,0.0,0.0,0.0,0,3,0,1,0
757.2,0.0,0.0,0.0,0,1,1,0,0
14988.35,0.5918,0.0,0.0,0,3,0,0,0
1177.63,2.2889,0.0,0.0,0,3,0,0,0
13676.15,0.1629,0.0,0.0,0,3,0,0,0
12702.41,0.0,0.0,0.0,0,3,0,0,0
44472.1,10.0,0.5,1.0,0,4,1,1,1
2165.86,0.0,0.0,0.0,0,1,0,0,0
1590.93,0.0,0.0,0.0,0,3,0,0,0
3534.11,0.0,0.0,0.0,0,3,0,0,0
11321.78,2.1348,0.5,0.0,0,2,0,2,0
3428.84,8.5756,0.5,0.0,0,3,0,0,1
11605.74,0.0,0.5,0.0,0,2,1,0,0
3647.64,0.0,0.0,0.0,0,2,0,0,0
9236.17,10.0,0.0,0.0,0,2,0,1,1
37282.71,10.0,1.0,1.0,1,3,0,3,1
12809.57,3.8828,1.0,0.5,1,4,1,1,1
9602.05,10.0,0.0,0.0,0,2,0,0,1
9092.53,3.8892,0.0,0.5,0,3,0,0,0
4406.49,0.0,0.0,0.0,0,2,0,2,0
3794.51,0.0,0.0,0.0,0,3,0,0,0
6247.94,0.0,0.0,0.0,0,1,0,0,0
13300.33,0.6913,0.0,0.0,0,3,0,0,0
14718.86,10.0,0.0,0.0,0,1,0,0,1
50608.89,10.0,1.0,0.5,1,6,1,3,1
6024.82,4.6659,0.5,0.0,0,3,0,2,1
1903.39,0.0,0.0,0.0,0,3,0,0,0
4632.25,0.0,0.0,0.0,0,1,0,0,0
12706.03,6.2419,0.0,0.0,0,2,1,0,1
38689.1,10.0,0.5,0.0,0,8,1,2,1
1705.33,0.0,0.0,0.0,0,2,0,0,0
14222.96,0.3257,0.0,0.0,0,2,0,0,0
9506.6,0.0,0.0,0.0,0,2,0,0,0
5732.87,0.8327,0.0,0.0,0,2,0,0,0
1376.07,0.0,0.5,0.0,1,3,0,1,1
2215.33,0.0,0.0,0.0,0,1,1,2,0
32750.85,10.0,1.0,1.0,1,6,1,2,1
3576.67,0.0,0.0,0.0,0,3,0,0,0
6730.33,0.0,0.5,0.5,1,8,0,2,1
85308.65,10.0,1.0,1.0,1,5,1,1,1
10434.17,0.0,0.0,0.5,0,2,0,0,0
51453.88,10.0,0.0,0.5,1,4,1,2,1
98755.11,10.0,0.0,1.0,0,1,1,3,1
14051.42,5.1042,0.0,0.0,0,2,0,0,1
9429.49,0.0,0.0,0.0,0,3,0,0,0
58769.84,10.0,0.5,1.0,0,2,1,1,1
6064.21,0.0,0.0,0.0,0,2,0,1,0
5101.28,0.0,0.0,0.0,0,1,1,0,0
10095.13,1.1158,0.0,0.0,0,3,0,0,0
68723.97,10.0,0.0,1.0,0,7,1,1,1
77924.68,10.0,1.0,1.0,1,5,0,1,1
14460.78,1.8271,0.0,0.0,0,2,0,0,0
13578.08,1.9717,0.0,0.0,1,2,0,0,1
38216.06,10.0,1.0,1.0,0,6,0,3,1
10692.79,10.0,0.0,0.0,0,1,0,2,1
878.61,0.0,0.0,0.0,0,3,0,0,0
9308.34,0.0,0.0,0.0,0,2,0,0,0
14584.76,10.0,0.0,0.0,0,3,0,0,1
5657.75,10.0,0.0,0.0,0,1,0,0,1
604.52,0.0,0.0,0.0,0,3,0,0,0
8189.16,1.6681,0.0,0.5,0,1,0,0,0
4315.79,4.1481,0.0,0.0,0,2,1,0,1
7970.71,0.0,0.0,0.0,0,1,0,0,0
7734.59,10.0,0.5,0.0,0,1,0,2,1
8163.14,6.2417,0.0,0.0,0,2,0,0,1
560.84,0.0,0.0,0.0,0,3,0,1,0
2802.15,0.0,0.0,0.0,0,1,0,0,0
5345.55,10.0,0.0,0.0,0,2,0,0,1
77046.47,10.0,0.5,0.5,0,5,1,1,1
5501.56,0.0,0.5,0.0,0,2,0,0,0
301.1,0.0,0.0,0.5,0,1,0,0,0
11737.66,0.0,0.0,0.0,0,2,0,0,0
2682.62,0.0,0.0,0.0,0,2,0,0,0
82206.72,10.0,1.0,1.0,1,8,1,2,1
43405.43,10.0,0.0,0.0,0,8,0,3,1
34498.14,10.0,1.0,0.5,1,3,1,1,1
8012.43,0.0,0.5,0.0,0,1,1,0,0
97844.04,10.0,0.5,0.0,1,3,1,3,1
13234.17,1.5312,0.0,0.0,1,2,0,0,1
3621.24,0.0,0.0,0.0,0,2,1,0,0
4501.99,0.0,0.0,0.0,0,1,1,0,0
2952.65,0.0,0.0,0.0,0,3,0,0,0
1597.04,0.0,0.0,0.0,0,3,0,1,0
5754.71,0.0,0.0,0.0,0,2,0,0,0
10798.69,1.7319,0.5,0.0,0,3,1,1,0
4532.25,0.0,0.5,0.0,0,1,0,0,0
2331.35,3.5812,0.0,0.0,0,3,0,0,0
7741.87,0.0,0.0,0.0,0,2,0,0,0
10437.39,0.0,0.0,0.0,0,2,0,2,0
10742.22,1.6735,0.0,0.5,0,1,1,0,0
1540.83,0.0,0.0,0.5,0,1,0,2,0
10917.07,0.9656,0.0,0.0,0,1,0,0,0
4711.78,0.0,0.0,0.0,0,2,1,0,0
2462.86,0.0,0.5,0.0,0,2,0,0,0
4576.13,0.0,0.0,0.5,0,1,0,0,0
5947.12,0.0,0.0,0.0,0,1,0,0,0
9923.53,10.0,0.0,0.0,0,3,1,2,1
2184.5,0.0,0.0,0.0,0,2,0,0,0
8268.92,0.0,0.0,0.0,0,2,1,0,0
79009.81,10.0,0.5,0.0,1,3,1,1,1
39001.87,10.0,0.0,0.5,1,7,0,1,1
9064.12,3.7841,0.0,0.0,0,3,0,0,0
32197.02,10.0,1.0,1.0,1,7,0,3,1
40083.01,10.0,1.0,1.0,0,3,1,3,1
8770.38,4.4348,0.0,0.0,0,3,0,0,1
12037.14,6.4059,0.0,0.0,0,3,0,0,1
48640.08,10.0,1.0,1.0,1,4,1,3,1
7209.53,0.0,0.0,0.0,0,2,0,0,0
9056.55,0.0,0.0,0.5,0,3,0,0,0
11964.86,1.8731,0.5,0.0,0,7,1,3,1
39544.77,10.0,1.0,1.0,1,9,1,2,1
11636.62,10.0,0.0,0.0,0,2,0,0,1
4615.05,2.8121,0.0,0.0,0,3,0,0,0
14005.11,9.6199,0.0,0.0,0,3,0,0,1
860.14,0.0,0.0,0.0,0,3,0,0,0
2596.25,10.0,0.0,0.0,0,2,0,0,1
37606.01,10.0,0.5,1.0,1,4,1,1,1
1955.79,0.6163,0.0,0.0,0,3,1,0,0
8014.01,7.9062,0.0,0.0,0,1,0,0,1
14116.1,10.0,0.0,0.0,0,1,0,0,1
67994.54,10.0,0.5,0.0,0,4,1,1,1
5920.12,0.0,0.0,0.5,0,3,0,0,0
75635.31,10.0,1.0,1.0,1,5,1,3,1
5542.35,0.0,1.0,1.0,0,6,0,3,1
26208.34,10.0,1.0,1.0,1,5,1,1,1
4217.64,0.0,0.0,0.0,0,1,0,0,0
87357.85,10.0,1.0,1.0,1,6,0,2,1
46776.94,10.0,1.0,0.5,0,4,0,1,1
14533.41,0.2868,0.5,0.0,0,2,0,0,0
10294.28,10.0,0.0,0.0,0,3,0,0,1
10325.71,10.0,0.0,0.0,0,2,1,0,1
58459.31,10.0,1.0,1.0,1,6,1,2,1
4360.87,0.0,0.0,0.0,0,1,0,0,0
64180.3,10.0,0.0,0.0,1,1,0,3,1
28699.33,10.0,0.0,0.0,1,9,1,3,1
655.58,0.0,0.0,0.0,0,1,0,0,0
14700.52,7.7192,0.0,0.5,0,2,0,2,1
3653.52,0.0,0.0,0.0,0,3,1,0,0
11860.44,10.0,0.0,0.0,0,3,0,1,1
13805.09,0.1864,0.0,0.0,0,3,0,0,0
12364.2,10.0,0.0,0.0,1,3,1,0,1
5656.81,0.0,0.0,0.0,0,1,0,0,0
1033.06,0.0,0.0,0.0,0,2,1,0,0
10935.77,6.5633,0.0,0.0,1,2,0,2,1
36539.75,10.0,1.0,1.0,0,2,0,2,1
9273.8,10.0,0.0,0.0,0,3,0,0,1
71414.45,10.0,0.5,1.0,1,3,0,1,1
30679.82,10.0,1.0,1.0,0,4,1,3,1
8030.48,0.0,0.5,0.0,1,9,1,1,1
36733.44,10.0,1.0,1.0,0,3,0,1,1
7656.47,0.1408,0.0,0.0,0,3,0,0,0
7336.85,0.0,0.5,0.0,0,2,0,0,0
67772.07,10.0,0.0,0.5,1,7,0,1,1
5722.4,0.0,0.0,0.0,0,3,0,0,0
3726.7,0.0,0.0,0.0,0,3,0,0,0
8600.33,10.0,0.0,0.0,0,3,0,0,1
8759.61,7.7334,0.0,0.0,0,2,0,2,1
11587.07,0.0,0.0,0.0,0,2,1,0,0
5062.12,0.0,0.0,0.0,0,3,0,0,0
4009.45,0.0,0.0,0.5,1,8,0,2,1
10117.04,10.0,0.0,0.0,0,1,0,0,1
14825.63,4.5815,1.0,1.0,0,3,0,1,1
12710.5,10.0,0.0,0.0,0,1,0,2,1
158.75,0.0,0.0,0.0,0,2,0,1,0
10152.65,10.0,0.0,0.0,0,1,1,0,1
11635.72,10.0,0.0,0.0,0,1,0,0,1
1743.78,0.0,0.5,0.0,0,1,0,2,0
11330.23,10.0,0.0,0.0,0,1,0,0,1
23810.48,10.0,0.0,0.0,0,9,1,1,1
40470.76,10.0,1.0,1.0,0,4,1,1,1
14770.14,7.1574,0.0,0.0,1,3,1,0,1
8214.46,0.9556,0.0,0.0,0,2,0,0,0
4398.32,0.0,0.0,0.0,0,1,0,0,0
14901.23,10.0,1.0,0.5,0,6,0,2,1
666.32,0.0,0.0,0.0,0,2,0,0,0
3254.9,0.0,0.0,0.0,0,1,0,0,0
14948.35,0.1697,0.0,0.0,0,3,0,0,0
14019.07,10.0,0.0,0.5,0,7,0,1,1
60084.24,10.0,1.0,1.0,1,8,0,1,1
1284.51,0.0,0.0,0.0,1,9,0,3,1
10897.44,5.0306,0.0,0.0,0,2,0,0,1
63026.06,10.0,0.5,0.0,0,6,0,3,1
27344.89,10.0,1.0,1.0,0,6,1,1,1
6312.23,0.0,0.0,0.0,0,1,1,0,0
4179.83,5.0331,0.0,0.0,0,3,0,2,1
5481.03,0.0,0.0,0.0,0,3,0,0,0
11857.62,0.0,0.0,0.0,0,3,0,0,0
10507.26,0.0,0.5,0.0,1,1,0,0,1
3032.51,0.0,0.0,0.0,1,7,1,3,1
9796.57,6.0075,0.0,0.0,0,1,0,0,1
708.08,0.0,0.0,0.0,0,3,0,0,0
89787.56,10.0,0.0,0.5,1,7,0,3,1
13701.21,2.437,0.0,0.0,0,2,0,0,0
11575.84,3.9785,0.0,0.5,0,2,1,0,0
49556.74,10.0,0.5,1.0,0,1,1,1,1
1137.2,0.0,0.0,0.0,1,2,0,1,1
49412.62,10.0,0.5,1.0,1,2,1,1,1
42362.86,10.0,0.5,0.0,0,8,0,1,1
4538.07,0.0,0.0,0.0,0,3,0,0,0
6589.56,0.0,0.0,0.0,0,3,0,0,0
13605.12,1.7668,0.5,0.0,0,3,0,0,0
6577.19,0.0,0.0,0.0,0,3,0,0,0
43245.98,10.0,0.0,1.0,1,4,0,1,1
14929.25,0.2533,0.0,0.0,0,1,0,0,0
10917.13,10.0,0.0,0.0,0,1,0,0,1
30229.82,10.0,1.0,1.0,0,2,1,3,1
9229.76,0.2183,0.5,0.0,0,9,1,1,1
5190.77,7.0865,1.0,1.0,1,4,0,2,1
9257.92,0.859,0.0,0.0,0,1,0,0,0
14981.7,7.8203,0.0,0.0,0,1,0,0,1
56967.55,10.0,1.0,1.0,1,7,1,1,1
10695.47,0.4318,0.0,0.0,0,2,1,0,0
12187.8,0.0,0.5,0.0,0,3,0,0,0
6636.74,4.3679,0.5,0.0,0,2,0,0,1
55566.72,10.0,1.0,0.5,0,3,0,3,1
84273.03,10.0,1.0,1.0,1,8,0,1,1
48775.06,10.0,1.0,1.0,1,8,1,3,1
1900.39,0.0,0.0,0.5,0,1,1,0,0
12100.16,10.0,0.0,0.0,0,1,1,0,1
13372.29,4.4401,0.0,0.5,0,1,1,0,1
57268.33,10.0,1.0,1.0,1,6,1,1,1
13032.7,3.9651,0.0,0.0,0,1,0,0,0
7846.86,0.4451,0.0,0.0,0,1,1,0,0
75874.55,10.0,0.0,1.0,1,4,0,2,1
6201.28,3.1269,0.0,0.0,0,1,0,0,0
13680.41,0.9785,0.0,0.0,0,2,0,1,0
12318.92,0.0,0.5,0.0,0,1,0,0,0
758.93,0.0,0.0,0.5,1,1,0,0,1
9765.45,0.0,0.0,0.5,0,2,1,1,0
3801.76,0.0,0.0,0.0,0,1,0,0,0
12366.74,0.3964,0.0,0.0,0,2,1,0,0
4886.08,0.0,0.0,0.5,0,2,0,0,0
5213.64,0.0,0.5,0.0,0,1,0,1,0
3536.69,0.0,0.0,0.0,0,3,0,0,0
1230.1,0.0,0.0,0.0,0,1,0,0,0
14701.13,0.0822,0.0,0.5,0,1,0,0,0
3919.93,10.0,0.0,0.0,0,1,1,1,1
10885.0,0.6043,1.0,1.0,1,6,0,2,1
2783.49,0.5425,0.0,0.0,0,1,0,0,0
7344.64,0.0,0.0,0.0,0,1,0,0,0
224.84,0.0,0.5,0.0,0,1,1,0,0
64164.37,10.0,1.0,1.0,1,8,1,1,1
13429.01,8.8335,1.0,1.0,1,1,1,2,1
68747.03,10.0,1.0,1.0,1,8,0,2,1
8678.82,0.0,0.5,0.0,0,1,0,0,0
14865.81,2.3544,0.0,0.0,0,3,0,0,0
301.04,0.0,0.5,0.0,1,1,0,0,1
3346.37,0.0,0.0,0.0,0,2,0,0,0
5770.92,0.0,0.0,0.0,0,3,0,0,0
28311.64,8.7865,0.5,1.0,1,2,1,3,1
3350.77,0.0,0.5,0.0,0,2,0,0,0
62931.24,10.0,1.0,1.0,1,9,0,1,1
12004.07,9.7891,0.5,0.0,0,2,0,1,1
14635.03,0.1237,0.0,0.0,0,1,0,0,0
3237.13,0.0,0.0,0.0,0,1,0,0,0
5221.32,0.0,0.0,0.0,0,1,0,0,0
59528.87,10.0,0.0,0.0,0,6,1,2,1
11049.23,3.8942,0.5,0.0,0,2,0,1,0
13379.99,0.0,0.0,0.0,0,3,0,0,0
14413.53,0.3911,0.0,0.0,0,2,0,0,0
89410.35,10.0,1.0,1.0,1,8,0,3,1
8138.93,0.0,0.0,0.0,0,3,1,0,0
9970.34,2.537,1.0,0.5,0,2,1,2,1
64790.21,10.0,1.0,1.0,1,6,0,1,1
12280.07,0.4511,0.0,0.5,0,1,0,0,0
7406.95,10.0,0.0,0.0,0,2,0,0,1
30287.49,10.0,1.0,1.0,0,5,1,2,1
48177.53,10.0,0.0,1.0,1,1,1,1,1
11961.96,10.0,0.5,0.0,1,1,0,0,1
7661.17,1.3091,0.0,0.0,1,3,0,0,1
12821.7,1.3482,0.0,0.0,0,1,0,0,0
1149.98,0.0,0.0,0.0,0,1,0,1,0
7457.27,10.0,0.0,0.0,0,1,0,2,1
12840.16,0.6644,0.0,0.0,0,2,0,0,0
11813.26,0.0,0.0,0.0,0,3,0,0,0
10095.28,3.1337,0.0,0.0,0,3,0,0,0
72680.53,10.0,0.5,1.0,1,1,1,2,1
8676.65,0.3166,0.0,0.0,0,2,0,0,0
7945.77,0.0,0.0,0.0,0,3,0,1,0
11665.17,4.266,0.0,0.0,0,2,0,0,1
12748.23,0.1647,0.0,0.0,1,1,0,0,1
13258.83,0.1295,0.0,0.0,0,2,0,2,0
13766.71,4.3496,0.5,0.0,0,3,0,0,1
18314.72,5.4455,0.5,0.5,0,8,0,1,1
13001.93,10.0,0.0,0.0,0,3,0,0,1
7766.04,0.0,0.0,0.0,0,3,0,0,0
62546.85,10.0,1.0,1.0,1,9,1,3,1
2400.03,0.0,0.0,0.0,0,1,0,0,0
1042.96,0.0,0.0,0.0,0,3,0,0,0
1483.87,0.0,0.0,0.0,0,3,0,0,0
37247.0,10.0,1.0,1.0,1,6,1,1,1
37136.45,10.0,0.5,1.0,1,1,0,3,1
12396.11,10.0,0.0,0.0,0,2,0,0,1
10874.49,0.0,0.0,0.0,0,1,1,0,0
80871.74,10.0,1.0,1.0,1,9,0,3,1
14299.42,0.0,0.0,0.0,1,1,0,2,1
90462.85,10.0,0.5,1.0,0,6,1,2,1
10271.98,0.3469,0.5,0.0,0,1,1,0,0
4810.25,0.0,0.0,0.0,0,2,0,1,0
8697.27,2.6481,0.0,0.0,0,1,0,1,0
4638.21,0.0,0.5,0.0,0,3,0,0,0
47487.62,10.0,1.0,1.0,1,7,0,3,1
49799.53,10.0,1.0,0.5,0,5,0,2,1
36134.76,10.0,0.5,0.5,0,7,1,2,1
13556.91,10.0,0.0,0.0,0,1,0,0,1
469.23,0.0,0.0,0.0,0,2,0,0,0
2770.99,0.0,0.0,0.0,0,2,0,0,0
3384.21,0.0,0.0,0.5,0,1,0,0,0
10994.1,10.0,0.0,0.0,0,1,1,1,1
35713.94,10.0,0.0,0.0,0,7,0,1,1
11808.51,0.5205,0.0,0.0,0,2,0,0,0
12355.06,0.0,0.0,0.0,0,3,0,1,0
6865.48,0.0,0.0,0.0,0,1,0,0,0
13087.42,10.0,0.5,1.0,1,5,0,1,1
8897.65,0.0,0.0,0.0,0,3,0,0,0
6186.62,0.0,0.0,0.0,0,3,0,0,0
32402.31,10.0,1.0,1.0,0,4,1,3,1
9843.56,0.0,0.0,0.0,0,1,0,0,0
10226.13,6.554,0.0,0.0,0,2,0,0,1
7281.69,0.0,0.5,0.0,0,3,0,0,0
28272.66,10.0,1.0,1.0,0,5,1,2,1
6850.15,1.6245,0.5,0.0,0,7,0,3,1
60026.79,10.0,1.0,1.0,1,6,1,1,1
14167.49,4.4747,0.0,0.5,0,3,0,2,1
818.67,0.0,0.0,0.0,1,3,0,0,1
6949.98,0.0,0.0,0.0,0,3,0,0,0
23803.96,10.0,1.0,0.5,1,3,1,2,1
9169.03,10.0,0.0,0.5,0,3,0,0,1
12294.65,10.0,0.0,0.0,0,2,0,0,1
1996.84,0.0,0.5,0.0,0,1,0,0,0
10490.96,10.0,0.0,0.0,0,1,1,1,1
11900.3,0.8899,0.0,0.5,0,2,0,0,0
12710.86,0.0,0.0,0.0,0,2,0,0,0
40902.72,10.0,1.0,1.0,1,6,1,2,1
13262.81,7.3837,0.0,0.0,1,1,0,0,1
1991.02,5.1817,0.0,0.0,0,1,0,2,1
15329.92,3.3064,1.0,1.0,1,4,0,3,1
1201.96,8.7072,0.0,0.0,0,2,0,0,1
77563.75,10.0,1.0,1.0,1,2,1,1,1
7223.96,0.0,0.0,0.0,0,1,0,0,0
25005.89,10.0,0.5,0.0,1,7,0,3,1
6278.86,0.1798,0.0,0.0,1,3,0,0,1
5928.1,0.0,0.0,0.0,0,3,0,0,0
61617.16,10.0,1.0,1.0,1,8,1,1,1
30115.67,8.2317,1.0,1.0,1,5,1,1,1
86602.3,10.0,1.0,1.0,1,5,1,2,1
79503.15,10.0,0.5,1.0,1,3,1,3,1
8721.0,2.2789,1.0,1.0,0,2,0,2,1
7319.14,3.155,0.0,0.0,0,2,0,0,0
11217.89,0.0,0.0,0.0,0,1,0,0,0
11961.74,5.0866,0.0,0.0,0,2,0,0,1
10591.71,0.0219,0.0,0.0,0,2,0,0,0
781.49,0.0,0.0,0.5,0,3,0,0,0
8956.78,0.0,0.0,0.0,0,1,1,0,0
8661.89,0.5118,0.0,0.0,0,3,0,2,0
9787.93,0.0,0.0,0.0,0,3,0,0,0
68999.37,10.0,0.5,1.0,1,3,0,1,1
13006.56,10.0,0.0,0.0,0,2,0,1,1
10628.23,0.0,0.0,0.0,0,1,0,2,0
14983.85,6.7221,0.0,0.0,0,2,0,0,1
10400.87,1.1155,0.0,0.0,0,1,1,0,0
4979.27,0.0,0.0,0.0,0,3,0,0,0
8825.66,1.9214,0.0,0.0,1,1,1,0,1
9602.77,0.8155,0.0,0.0,1,2,0,1,1
6760.17,0.0,0.0,0.0,0,2,0,0,0
33092.99,8.6711,1.0,0.5,1,3,1,2,1
11952.88,2.0458,0.0,0.0,0,3,1,0,0
13716.31,10.0,0.0,0.0,0,2,1,0,1
3866.4,0.0,0.5,0.0,0,2,0,0,0
