amount,amount_deviation,location_change,new_device,merchant_risk,txn_velocity,is_night,device_change_frequency,distance_from_home,label
14265.64,0.9237,0,0,0,1,0,0,62.41,0
44709.93,11.9603,1,1,0,2,1,1,4723.55,1
33189.16,7.4714,0,1,0,3,0,1,46.67,1
55063.99,5.6822,0,1,1,1,0,1,450.5,1
42632.82,4.6421,1,1,0,4,1,2,2481.25,1
3198.33,0.2528,0,0,0,2,0,0,336.91,0
7860.43,0.4064,0,0,0,1,0,0,298.93,0
35218.55,12.6302,1,1,1,5,1,3,4941.0,1
63633.69,31.1499,1,1,0,2,0,2,605.96,1
81072.43,13.3978,1,1,1,7,1,3,3369.37,1
11435.7,0.9118,0,0,0,2,0,0,197.52,0
7183.02,0.5712,0,0,0,1,0,0,55.73,0
46555.18,5.202,0,0,0,8,1,3,484.87,1
4838.25,0.9933,0,0,0,3,0,0,170.84,0
10417.3,1.3743,0,0,0,1,0,0,67.32,0
44174.88,7.9967,1,0,1,3,1,1,1167.24,1
9551.84,0.6555,0,0,0,3,0,0,179.11,0
5579.97,0.4058,0,0,0,3,0,0,214.31,0
10195.71,3.1066,0,0,0,1,0,0,90.6,0
10167.78,0.656,0,0,0,2,1,0,216.58,0
54656.05,15.5722,1,0,0,1,0,3,717.77,1
6127.17,0.3387,0,0,0,2,0,0,374.25,0
175.42,0.0306,0,0,0,1,0,0,276.76,0
53293.81,7.9224,1,1,1,3,1,2,568.31,1
5957.16,0.328,0,0,0,1,0,0,317.92,0
61947.21,17.6184,0,1,0,5,0,1,43.6,1
5028.18,0.4056,0,0,0,3,0,0,392.13,0
5980.9,0.3447,1,0,0,3,0,0,571.35,1
11137.45,0.75,0,0,0,3,0,0,143.8,0
81395.09,9.0338,0,1,1,6,1,2,155.42,1
38316.65,4.3822,1,1,1,2,1,2,542.64,1
5466.84,1.0595,0,0,0,2,0,0,308.0,0
9597.71,0.6255,1,0,0,3,0,0,1016.78,1
57945.66,6.2733,1,0,0,3,1,2,4262.07,1
83010.21,16.8684,0,0,0,7,0,3,223.95,1
61112.0,33.0798,0,1,1,5,1,2,14.39,1
7165.19,1.5365,0,0,0,3,0,2,189.39,0
39422.3,6.0254,1,0,0,5,0,2,2764.61,1
64474.04,12.5821,1,1,0,1,1,1,677.17,1
12324.36,0.8756,0,0,0,1,0,0,109.58,0
89141.27,26.6391,1,1,1,6,1,2,605.7,1
9471.25,0.5286,0,0,0,1,0,0,321.39,0
2002.58,0.2762,0,0,0,3,0,0,346.85,0
76716.84,17.0375,0,0,1,3,1,1,397.25,1
5388.09,0.2797,0,0,0,1,0,0,193.01,0
11310.38,0.6873,0,0,0,3,0,0,36.48,0
10616.89,0.5454,0,0,0,2,0,0,334.79,0
10623.01,2.4237,0,0,0,1,1,2,394.66,0
10651.9,0.9521,0,0,0,2,0,0,282.03,0
938.92,0.187,0,0,0,2,0,0,259.68,0
61180.57,15.6705,1,1,0,5,1,1,770.58,1
1199.57,0.0966,1,0,0,3,1,0,1023.57,1
11082.8,0.5972,1,0,0,1,0,0,558.81,1
5364.95,0.4152,0,1,0,1,0,0,389.76,1
4137.27,0.7859,0,0,0,1,0,2,376.21,0
2556.03,0.2558,0,1,0,2,0,1,192.15,1
1046.33,0.2886,0,0,0,1,1,1,5.47,0
10919.2,0.688,0,0,0,1,0,0,96.43,0
9310.11,1.0244,0,0,0,3,0,0,268.63,0
1417.28,0.0861,0,0,0,2,0,0,192.02,0
49042.67,5.3672,0,0,0,9,1,2,364.85,1
13666.02,1.6944,0,0,0,1,0,0,279.06,0
14702.49,1.2926,0,0,0,1,0,0,253.36,0
10495.25,1.7316,0,0,0,2,0,0,164.66,0
5241.73,0.5883,0,0,0,2,0,0,219.49,0
685.75,0.0413,0,0,0,1,0,2,32.7,0
2849.36,0.4344,0,0,0,2,0,0,193.81,0
71826.13,8.1575,1,1,0,5,1,3,511.68,1
86870.52,22.0066,0,0,0,6,1,1,145.83,1
7162.15,0.7926,0,0,0,3,0,0,191.83,0
66873.0,6.7695,1,0,1,3,0,1,719.72,1
40700.14,4.7012,1,1,1,8,1,2,1607.56,1
54012.61,5.9554,0,0,0,7,0,3,419.61,1
12274.37,1.6622,0,0,0,2,0,0,267.46,0
21846.39,2.7619,0,1,1,8,1,2,304.57,1
16711.47,10.6417,0,1,0,7,0,1,356.33,1
1409.23,0.2629,0,0,0,3,0,2,46.68,0
6186.92,0.328,1,0,0,2,0,0,705.8,1
11282.48,0.68,0,0,0,2,0,1,74.56,0
6834.03,0.4516,0,0,0,1,0,1,249.64,0
1092.62,0.1585,0,0,0,2,0,0,172.61,0
8048.57,0.4423,0,0,0,3,0,0,60.67,0
7460.32,0.4713,0,0,0,3,0,0,214.59,0
38822.22,11.8861,0,0,0,8,1,3,7.32,1
5203.61,0.758,0,0,0,2,0,0,115.17,0
8935.15,1.886,0,0,0,1,0,0,316.03,0
11073.02,0.5864,1,0,1,2,0,0,951.39,1
4740.52,0.6905,0,0,0,1,0,0,151.72,0
8107.19,0.435,0,0,0,3,0,2,138.78,0
21527.35,7.2218,1,1,0,8,1,1,548.91,1
23490.46,6.355,0,0,0,7,1,2,334.38,1
3227.59,0.1767,0,0,0,3,0,0,76.28,0
7913.42,0.7542,0,0,0,1,0,0,223.86,0
52231.96,6.1032,0,1,1,4,0,1,408.73,1
3882.94,0.613,0,0,0,3,0,0,238.02,0
77086.65,69.0111,1,1,1,2,1,3,944.41,1
1929.38,0.1078,0,0,0,3,0,0,281.58,0
4094.15,0.3008,0,0,0,2,0,0,220.82,0
7362.72,0.4044,0,0,0,2,0,0,170.09,0
34892.91,10.1116,0,1,0,2,1,2,132.28,1
12244.31,1.0677,0,0,0,1,0,0,162.1,0
13120.96,0.9973,0,0,0,2,0,0,266.01,0
5372.68,0.2784,0,0,0,3,0,0,36.13,0
4527.11,0.3585,0,0,0,1,0,0,265.47,0
3519.86,0.6681,0,0,1,8,1,1,297.82,1
10603.39,0.8051,0,0,0,3,0,0,30.37,0
1464.57,0.0788,0,0,0,2,1,0,380.09,0
11409.63,0.7453,0,0,0,3,1,1,392.23,0
59029.59,7.7884,0,0,1,5,1,2,454.36,1
11950.59,0.7628,0,0,0,2,0,0,182.06,0
53674.91,9.1821,1,1,0,2,0,1,2886.66,1
13301.07,0.9875,0,0,0,3,0,0,9.76,0
1143.44,0.3617,0,0,0,3,0,0,35.42,0
7885.54,0.5104,0,0,0,2,0,0,186.92,0
55474.27,6.8681,0,1,0,5,1,2,313.3,1
13274.56,1.0046,0,0,0,1,0,0,395.67,0
3536.98,0.5894,0,0,0,1,0,0,74.58,0
8999.38,0.7546,0,0,1,3,0,0,206.1,1
79647.4,23.0419,0,1,0,3,1,3,464.07,1
12945.7,0.7723,0,0,0,3,0,0,220.34,0
9457.54,6.0873,1,0,1,2,0,2,1491.6,1
12387.75,1.3899,0,0,0,3,0,0,226.29,0
66701.11,8.5795,0,0,1,3,1,3,190.95,1
7035.5,0.3921,0,0,0,2,0,0,327.98,0
195.15,0.0248,0,0,0,1,0,0,392.47,0
8164.87,0.4215,0,0,0,2,1,0,253.05,0
10657.72,0.9644,0,0,1,3,1,0,29.88,1
56852.86,14.5311,1,1,1,5,1,3,796.25,1
13741.61,5.5575,1,0,1,2,0,1,2608.96,1
47505.25,37.0637,1,1,0,5,0,3,1536.01,1
9614.04,0.9851,0,0,0,3,0,0,393.59,0
10752.37,0.8556,0,0,0,1,0,0,217.29,0
11439.26,0.8383,0,0,0,2,0,0,13.01,0
9148.87,1.2692,0,0,0,1,0,0,90.22,0
6882.78,2.1525,0,0,0,3,0,2,157.0,0
10891.85,0.6922,0,0,0,2,0,0,41.12,0
245.59,0.0287,0,0,0,2,0,0,35.15,0
10373.03,0.6245,0,0,0,3,1,0,66.99,0
9232.87,1.1427,1,0,0,3,0,0,1447.4,1
8259.13,0.4889,0,0,0,3,0,0,257.43,0
7241.26,0.5377,0,0,0,1,0,0,188.07,0
10816.11,1.5713,1,0,0,3,0,0,1474.82,1
9535.47,2.3181,1,0,0,7,1,2,576.47,1
8722.26,0.8342,0,0,0,2,0,2,194.67,0
3238.87,0.2383,0,0,0,2,0,0,293.25,0
2796.56,0.1596,0,0,0,3,0,0,98.89,0
26347.55,6.7098,0,1,0,5,0,1,399.05,1
70929.35,17.5871,0,1,1,5,0,1,442.02,1
8859.48,0.4632,0,0,0,3,0,0,143.7,0
12104.49,0.9346,0,0,0,2,0,0,82.34,0
56106.37,8.9598,0,0,1,1,0,1,361.76,1
10320.92,3.1319,0,0,0,3,0,0,389.24,0
40047.97,5.6718,1,1,1,8,0,1,4729.25,1
2426.84,0.3473,1,0,1,3,0,0,756.05,1
13046.68,1.0273,0,0,0,3,1,0,372.38,0
8700.06,0.9747,0,0,0,1,0,0,241.98,0
11102.89,0.6191,0,0,0,2,0,0,130.81,0
5697.52,0.708,0,0,0,3,0,0,131.35,0
3639.41,0.3894,0,0,0,2,0,0,29.28,0
14277.03,0.8204,0,0,0,1,0,0,325.51,0
8286.27,0.5279,0,0,0,3,0,2,208.49,0
997.98,0.0528,0,0,0,2,0,0,40.57,0
4738.48,0.3543,0,0,0,3,0,1,109.05,0
10664.79,2.214,0,1,0,3,0,0,102.63,1
1773.33,0.5826,0,0,0,3,0,0,206.07,0
13510.34,1.4998,0,0,0,3,0,0,312.21,0
6831.34,0.5266,0,0,0,1,0,0,294.75,0
20091.87,2.0315,0,1,0,1,1,1,390.91,1
6696.48,0.633,0,0,0,2,0,1,6.33,0
92593.36,30.4593,1,1,1,5,1,1,1364.21,1
1107.43,0.0667,0,0,0,2,0,0,216.0,0
59677.66,38.7195,1,1,0,5,0,1,3478.61,1
58524.73,14.177,0,0,0,4,0,3,327.58,1
3596.17,0.3674,0,0,0,1,0,0,396.99,0
80424.71,21.5723,0,1,1,4,1,2,405.47,1
5260.19,0.7447,0,0,0,2,0,1,330.11,0
8541.97,0.8854,0,0,0,2,0,2,158.87,0
41118.02,9.9925,0,1,1,9,0,2,193.52,1
2074.62,0.1175,1,0,0,1,0,2,987.57,1
38523.33,17.3803,1,1,1,8,0,1,2652.57,1
13153.97,1.7035,0,0,0,3,0,0,0.13,0
6951.03,1.7426,1,0,1,3,0,0,558.72,1
4054.27,0.6732,0,0,0,1,0,0,247.22,0
7952.92,0.7764,0,0,0,3,0,0,354.64,0
83851.34,38.041,1,1,1,6,1,2,550.63,1
42453.62,13.3889,1,0,1,3,0,2,1354.44,1
19199.02,8.1937,0,0,0,9,1,2,159.51,1
11086.62,0.9995,0,0,0,1,0,0,157.79,0
14148.18,0.8446,0,0,0,1,0,0,111.75,0
6806.85,0.9925,0,0,0,1,0,0,180.25,0
53404.77,5.5581,1,1,1,1,0,2,802.13,1
14874.67,0.7627,1,0,0,1,0,0,1284.06,1
45046.14,15.7991,0,1,0,9,1,2,469.49,1
82195.57,38.642,0,1,0,5,1,2,424.24,1
8778.1,0.5585,0,0,0,2,0,0,262.59,0
6647.13,0.4953,1,0,0,2,0,2,741.45,1
12934.41,0.7438,0,0,0,2,0,0,100.9,0
2743.69,0.2237,1,0,0,1,0,0,1437.45,1
7377.07,1.3265,0,0,0,3,0,0,165.37,0
13112.51,0.949,0,0,0,1,0,2,64.03,0
41165.82,15.2906,1,0,0,4,1,1,1899.87,1
7909.97,0.4542,0,0,0,1,0,0,333.07,0
79714.08,9.935,0,1,1,4,1,2,368.31,1
6248.07,0.4214,0,0,0,1,0,0,247.84,0
1066.32,0.0829,0,0,0,2,0,0,224.26,0
9583.71,1.7321,0,1,0,3,0,0,298.37,1
6566.89,1.4573,0,0,1,2,0,0,239.29,1
11806.21,2.3557,0,0,0,1,0,0,335.92,0
490.33,0.1437,0,0,0,1,0,2,109.23,0
12644.81,2.0515,0,0,0,2,0,0,183.27,0
10969.67,0.685,0,0,0,1,1,0,244.09,0
14510.27,2.9857,0,0,0,8,0,2,165.37,1
89716.27,9.7966,1,1,1,6,1,2,710.21,1
5275.42,0.2883,0,1,0,3,0,0,265.52,1
9403.94,0.8245,1,0,0,1,0,2,645.82,1
2826.93,0.8377,0,0,0,1,0,0,167.2,0
10869.93,2.619,0,0,0,1,0,0,217.42,0
3319.75,0.7126,0,0,0,3,0,0,184.06,0
874.15,0.0534,0,0,0,2,0,0,103.45,0
43658.34,7.25,0,0,0,8,0,2,143.28,1
4308.22,0.4468,0,0,0,3,0,2,148.77,0
39849.87,14.4249,0,0,0,9,0,2,346.56,1
28333.19,8.1134,0,0,1,9,0,1,99.62,1
597.42,0.0651,0,0,0,2,0,2,328.15,0
4863.04,0.2456,0,0,0,2,1,0,48.97,0
69182.9,8.2296,1,1,1,5,1,2,2873.77,1
2892.44,0.1644,0,0,0,3,1,0,216.32,0
3889.4,0.2298,0,0,0,2,0,0,210.17,0
86983.83,11.3814,0,0,1,6,0,2,153.01,1
9548.72,1.8554,0,0,0,3,0,0,130.04,0
1182.8,0.2744,0,0,0,1,0,0,346.55,0
14080.74,0.7906,0,0,0,1,0,0,315.38,0
29588.05,6.2755,1,0,0,4,0,3,2572.15,1
726.17,0.0466,0,0,0,3,0,0,112.01,0
14728.8,1.086,0,0,0,2,0,0,251.3,0
62095.45,37.2237,0,0,1,3,1,2,9.92,1
817.33,0.0445,0,0,0,3,0,0,267.12,0
4350.83,0.4226,0,0,0,1,0,0,315.66,0
32285.2,3.6231,1,1,1,6,0,1,4408.61,1
1324.89,0.0717,0,0,0,2,0,0,55.01,0
10569.24,1.5021,0,0,0,2,0,0,41.69,0
14759.22,1.9491,0,0,0,2,0,0,356.59,0
72523.81,13.7653,0,0,1,5,0,1,378.38,1
60954.22,12.3218,0,1,1,5,1,2,29.38,1
69851.36,7.832,0,0,1,3,0,3,69.67,1
10563.66,0.5314,0,0,0,1,0,0,109.89,0
12374.48,0.6433,0,0,0,1,0,0,0.63,0
3924.74,0.2743,0,0,0,1,0,0,265.07,0
14131.71,0.9837,0,0,0,2,0,0,144.77,0
58469.9,10.0711,0,1,0,3,1,1,120.56,1
8034.14,0.7558,0,0,0,3,0,0,159.75,0
12699.51,0.8597,0,0,0,2,0,0,269.19,0
6806.84,0.5298,0,0,0,3,0,0,39.55,0
5680.84,0.9733,0,0,0,3,0,0,57.04,0
5175.0,1.2266,0,0,0,2,0,0,124.49,0
1668.36,0.2854,1,1,0,1,0,0,729.26,1
14481.95,4.0192,0,1,0,5,0,1,23.35,1
5684.57,0.5141,0,0,0,3,1,0,397.94,0
5171.77,0.4238,0,0,0,3,0,0,221.48,0
10664.3,1.7739,0,0,0,3,0,0,270.95,0
2342.77,0.1387,0,0,0,2,0,0,312.96,0
40358.89,6.8553,1,1,1,9,1,3,4336.66,1
10859.93,0.8999,0,0,0,1,0,0,52.26,0
97455.66,15.4726,0,1,0,6,1,2,410.32,1
8484.4,0.808,0,0,0,1,1,0,367.49,0
11491.46,0.9013,1,0,0,1,0,0,701.27,1
36968.89,6.9863,1,1,0,2,0,3,510.43,1
7955.67,0.5785,0,0,0,2,1,0,327.92,0
10184.64,0.5962,0,0,0,1,0,0,5.73,0
12346.71,0.7368,0,0,0,2,0,0,280.01,0
1083.55,0.1213,0,0,0,1,0,2,323.29,0
48698.35,6.9552,1,1,1,6,1,2,3682.18,1
3718.1,0.5497,1,1,0,1,0,1,583.26,1
52529.76,8.3742,0,1,0,2,0,2,122.92,1
12498.02,1.351,0,1,0,7,0,3,181.92,1
12360.56,12.3456,1,1,0,2,1,2,3333.38,1
8942.94,0.4906,0,0,0,1,1,0,186.79,0
92135.75,19.1891,0,0,0,5,1,3,250.68,1
7326.05,3.2531,1,0,0,3,1,3,3041.27,1
14494.11,0.9094,1,0,0,3,0,1,1202.84,1
14356.32,1.2476,0,0,0,1,0,0,183.08,0
12350.48,0.7075,0,0,0,1,0,0,262.94,0
56830.91,38.6661,1,0,1,4,0,2,521.31,1
5181.73,0.9183,0,0,0,8,1,1,25.8,1
3704.14,0.2004,0,0,0,3,0,0,283.75,0
247.86,0.0228,1,0,0,3,0,0,1019.51,1
8672.8,2.0176,0,0,0,1,0,0,147.09,0
68587.59,7.695,0,1,0,7,0,3,1.08,1
9131.58,1.1487,0,0,0,1,0,0,60.93,0
7159.77,1.7974,1,0,1,2,0,0,1442.78,1
3154.22,0.2057,0,0,0,3,0,0,358.43,0
5883.67,0.4069,0,0,0,1,1,0,138.08,0
96530.41,10.0329,0,1,1,1,1,3,397.85,1
14241.16,0.7356,0,0,0,2,0,0,371.46,0
63693.34,7.4124,1,1,1,8,0,1,4539.64,1
5938.69,0.4181,0,0,0,3,1,0,254.62,0
95969.45,35.4004,0,1,1,6,0,3,140.88,1
10504.84,1.0809,1,0,0,2,0,0,1467.09,1
10032.35,1.7399,0,0,0,2,0,0,308.65,0
12090.82,3.1961,0,0,0,2,0,0,71.16,0
9970.27,1.9883,0,0,1,1,0,0,159.13,1
11338.55,0.6092,1,0,0,1,0,0,1077.55,1
3681.94,0.5884,0,0,0,1,0,2,40.72,0
4308.93,0.2249,0,0,0,2,0,0,174.65,0
13565.99,0.7806,0,0,0,2,0,0,305.24,0
48316.59,29.8054,0,1,0,3,0,1,32.81,1
1516.29,0.0889,0,0,0,3,0,0,290.7,0
21836.18,3.4584,0,1,0,7,1,2,22.54,1
16030.81,10.9268,1,1,0,4,1,2,1416.9,1
9645.47,0.9577,0,0,0,3,0,0,243.85,0
14993.2,1.5148,0,0,0,3,0,0,304.99,0
47934.74,11.2645,1,0,1,2,0,3,3127.39,1
11409.18,2.4056,0,0,0,2,0,0,203.56,0
13822.82,0.9335,0,0,0,1,0,0,344.68,0
2444.16,0.4868,0,0,0,1,0,0,268.42,0
11043.21,1.1583,0,0,0,2,0,0,335.6,0
7566.21,0.5042,0,0,0,2,0,2,216.29,0
6008.65,1.1469,0,0,0,2,0,0,62.91,0
68353.06,9.6733,1,1,0,4,1,1,981.91,1
51474.36,5.4673,1,1,1,5,1,2,2088.96,1
3782.26,0.418,0,0,0,2,0,1,133.39,0
11028.95,2.2168,0,0,1,2,1,2,314.11,1
98397.3,48.718,1,1,1,6,1,1,964.94,1
21713.7,3.8424,0,1,1,8,0,2,207.91,1
42937.84,11.6818,1,1,1,5,1,3,1148.59,1
9762.72,1.2938,0,0,0,1,0,0,386.01,0
3817.91,1.2582,0,0,0,3,0,1,46.83,0
9415.55,1.007,0,0,0,1,0,2,250.99,0
9297.01,0.5971,0,0,0,2,0,0,266.0,0
6566.91,0.8876,0,0,0,1,0,0,289.38,0
3139.97,0.2224,0,0,0,1,0,0,20.01,0
37797.36,5.9493,1,1,0,3,1,3,732.73,1
12095.85,0.7119,1,0,0,1,0,2,1044.71,1
28512.26,6.6061,1,0,1,5,0,1,1428.77,1
37438.94,4.4031,1,1,1,4,1,2,630.25,1
14050.58,3.4369,0,0,0,2,0,0,116.95,0
13913.95,2.9038,0,0,0,2,0,0,163.87,0
14143.72,0.9011,0,0,0,1,0,0,330.6,0
8079.75,0.8911,0,0,0,3,1,0,331.42,0
7633.95,0.4018,0,0,0,3,0,0,41.03,0
13277.21,1.4983,0,0,0,3,0,0,165.81,0
3521.01,0.7044,0,0,0,2,0,0,0.8,0
6271.59,0.4059,0,0,0,2,0,0,48.6,0
28182.56,4.6878,1,1,0,3,1,2,749.39,1
10216.78,1.0215,0,0,0,1,0,0,81.47,0
74785.69,26.183,1,0,0,1,1,1,746.5,1
11617.5,0.6059,0,0,0,3,0,0,244.53,0
3873.76,1.2221,0,0,0,1,0,0,214.26,0
6824.28,1.1153,0,0,0,2,0,0,353.02,0
8683.55,1.006,1,1,0,5,1,1,4448.2,1
33235.25,8.5428,1,1,0,3,1,2,4951.49,1
9165.29,0.6105,0,0,0,3,0,0,147.79,0
5661.29,0.4119,0,0,0,1,0,0,41.47,0
12064.73,1.0219,0,0,0,3,0,0,268.46,0
2464.32,0.3335,0,0,0,1,0,0,173.27,0
10774.32,1.4166,0,0,0,2,0,0,125.53,0
8413.12,0.6502,0,0,1,1,0,0,177.54,1
51637.19,9.9917,0,1,1,4,1,3,324.51,1
4043.06,0.2837,0,0,0,2,0,0,311.21,0
564.12,0.0761,0,0,0,2,0,0,351.67,0
13332.96,1.5631,0,0,0,3,0,0,398.46,0
12417.12,0.6766,1,0,0,3,0,0,1301.55,1
2038.2,0.6028,0,0,0,1,0,0,313.5,0
9393.77,0.5886,0,0,0,1,0,0,334.85,0
14861.12,0.9368,0,0,0,3,0,0,282.96,0
9316.05,0.6769,0,0,0,2,0,0,177.22,0
66960.89,26.718,0,1,0,3,1,1,362.43,1
14616.29,3.4912,0,0,0,2,0,0,299.12,0
2628.95,0.7906,0,0,0,2,0,2,243.88,0
6088.12,1.0847,0,0,0,3,0,0,110.81,0
1360.02,0.1021,0,0,0,1,1,0,353.17,0
12021.09,0.6664,0,0,0,3,1,0,80.22,0
1029.67,0.1184,0,0,0,2,0,0,390.14,0
6301.65,1.0757,0,0,0,3,0,2,22.09,0
14640.06,12.3577,0,1,1,8,0,1,478.98,1
4606.94,0.2353,0,0,0,3,0,0,359.3,0
10629.47,0.7878,0,0,0,3,0,0,191.4,0
6682.02,0.3386,0,0,0,2,0,0,286.07,0
11678.03,0.6614,0,0,1,1,1,0,215.21,1
7115.92,0.5028,0,0,0,2,0,0,274.82,0
7756.38,0.4226,0,0,0,2,0,0,327.14,0
13991.61,0.8965,0,0,0,3,0,0,52.66,0
4357.04,0.2322,1,0,0,3,1,2,1071.69,1
12692.3,0.7678,0,0,0,2,0,0,269.11,0
9389.82,0.7111,0,0,0,1,0,0,150.61,0
13819.02,3.7541,0,0,0,3,0,0,83.02,0
9267.28,0.5819,0,0,0,2,0,0,281.63,0
33181.68,5.0766,1,1,1,7,0,2,3410.06,1
1938.67,0.1421,0,0,1,3,0,0,341.19,1
7038.67,0.4359,0,0,0,3,0,0,75.66,0
1969.75,0.1221,0,0,0,2,0,0,270.96,0
6523.57,1.4535,0,0,0,2,0,2,167.43,0
9835.41,1.5688,0,0,0,2,0,0,247.85,0
253.24,0.0167,0,1,0,3,0,0,249.08,1
1425.95,0.0718,0,0,0,2,0,0,393.94,0
14374.55,4.4642,0,0,0,9,1,2,204.86,1
9748.0,1.2756,0,0,0,1,0,0,117.71,0
6226.84,0.6328,0,0,0,3,0,0,358.23,0
14109.29,1.0637,0,0,0,2,0,2,329.0,0
6564.27,1.1328,0,0,0,3,0,0,218.68,0
46195.21,7.6416,1,1,0,2,0,3,657.03,1
36911.6,17.8456,1,1,1,9,0,1,841.4,1
48398.1,8.358,1,1,1,3,1,2,738.87,1
11247.6,0.8968,0,0,0,2,0,0,169.42,0
2335.25,0.7129,0,1,0,7,0,2,314.15,1
11203.17,2.6057,0,0,0,2,0,0,317.57,0
7283.77,0.4211,0,0,0,3,0,0,152.4,0
6813.54,0.7222,1,0,0,8,1,2,560.25,1
58413.3,28.5329,1,0,1,5,0,3,3030.29,1
7990.64,0.9398,0,1,0,2,0,1,354.67,1
13498.98,0.6973,0,0,0,1,0,0,300.01,0
4274.1,1.7002,1,1,1,2,0,3,907.25,1
22462.75,2.429,0,1,0,4,0,1,313.05,1
22315.42,2.6502,1,0,1,3,1,1,694.69,1
18042.95,2.0985,1,0,0,3,1,1,985.16,1
8638.33,1.0129,0,0,1,3,0,0,108.8,1
10099.29,0.605,1,0,0,3,0,2,900.81,1
10351.88,2.0513,1,0,0,3,0,1,682.0,1
69579.4,7.6615,1,1,1,6,1,2,2490.69,1
12093.96,3.1085,0,0,0,1,0,1,134.25,0
55955.51,51.4684,1,1,1,2,0,3,2388.9,1
268.41,0.0164,0,0,0,3,0,0,16.1,0
8534.47,0.541,0,0,0,1,0,0,205.27,0
41047.96,6.1837,1,1,0,7,1,3,558.24,1
41453.8,5.7223,1,0,0,5,0,1,4417.98,1
12100.94,0.76,0,0,0,2,0,0,59.7,0
8814.1,1.0087,0,1,0,3,0,0,98.61,1
3683.92,0.2553,0,0,0,3,0,0,269.24,0
4132.59,0.9433,1,1,1,2,0,0,657.05,1
9604.74,0.4864,0,0,0,1,0,0,173.74,0
23757.17,4.1589,0,1,1,2,1,1,129.17,1
14880.24,1.8602,0,0,0,3,0,1,306.15,0
2112.69,0.3786,0,0,0,2,0,0,377.57,0
3471.46,0.235,0,0,0,1,0,0,250.13,0
7474.83,1.5896,1,1,0,3,1,2,3803.95,1
62930.32,8.3703,0,0,1,4,1,2,22.28,1
14483.01,3.7549,0,0,0,2,0,0,230.75,0
55449.74,7.3526,1,1,0,5,0,1,2330.25,1
11903.65,0.821,0,0,0,3,0,1,378.37,0
8942.57,2.7296,0,0,0,3,0,0,129.41,0
6963.98,0.6065,0,0,0,2,0,0,357.71,0
5413.28,0.7389,0,0,1,3,1,0,216.12,1
5822.24,0.4064,1,0,0,3,0,0,726.5,1
6130.4,1.3653,0,0,0,1,0,0,356.53,0
10264.66,1.228,0,0,0,1,0,0,252.96,0
14920.79,3.2632,0,0,0,3,0,0,269.48,0
28001.5,4.7683,0,1,1,7,1,3,314.14,1
14634.55,1.3231,0,0,0,2,0,0,19.24,0
80682.28,8.9223,1,0,0,6,1,3,718.35,1
2930.05,0.1963,0,0,0,1,1,0,143.45,0
14501.56,1.0602,1,0,0,1,0,0,1176.43,1
14542.9,1.5433,0,0,0,2,0,0,135.72,0
20634.5,3.162,0,0,0,8,0,2,69.09,1
1015.55,0.0603,1,1,0,2,0,0,1149.12,1
28370.58,21.1283,0,1,1,2,0,2,126.82,1
52099.16,14.2378,0,1,1,3,1,3,290.92,1
13629.48,1.3997,0,0,0,1,0,2,57.39,0
7587.11,1.1831,0,0,0,2,0,1,316.56,0
14817.47,1.7357,0,0,0,2,0,1,241.33,0
2322.2,0.1419,0,0,0,1,0,0,136.74,0
9694.95,1.0231,0,0,0,1,1,0,239.78,0
66454.58,41.1998,1,1,1,5,1,3,588.0,1
11787.64,0.8947,0,0,0,3,0,0,383.18,0
72305.15,23.7771,1,1,1,7,0,3,3936.85,1
283.88,0.0523,0,0,0,2,0,0,97.66,0
12603.28,2.3038,0,0,0,1,1,0,24.82,0
33408.64,12.5244,1,1,1,6,1,1,941.94,1
5022.83,0.3859,0,0,1,2,0,0,180.63,1
55876.65,30.697,1,1,1,5,1,3,728.79,1
52771.74,8.4889,0,0,1,4,1,1,264.92,1
77488.61,24.7384,1,1,0,5,1,2,549.86,1
3195.97,0.246,0,0,0,3,0,0,132.79,0
3685.99,0.2063,0,0,0,3,0,0,89.86,0
36812.65,22.84,0,0,0,9,1,1,252.01,1
2185.81,0.2171,0,0,1,3,0,0,161.1,1
60383.65,21.0042,1,1,1,5,1,3,1074.94,1
6334.0,0.6974,0,0,0,3,0,0,230.24,0
29676.88,4.0908,1,1,0,3,0,3,780.21,1
64172.44,6.9695,1,1,1,9,1,1,1100.19,1
5355.54,1.3845,1,1,0,6,1,3,2733.58,1
6750.35,1.4466,0,1,0,4,1,2,30.93,1
4205.49,0.3687,0,0,0,3,0,0,235.24,0
8624.63,1.4201,0,0,0,1,0,0,79.46,0
54079.66,8.7074,0,1,0,4,1,1,70.23,1
306.55,0.0218,0,0,0,3,0,0,319.46,0
12135.0,0.6719,0,0,0,1,0,0,7.58,0
56882.35,10.3413,0,0,1,4,0,2,0.74,1
700.31,0.0598,0,0,0,1,1,0,372.68,0
11511.29,0.78,1,0,0,1,0,0,894.16,1
5567.72,1.0118,0,0,0,3,0,2,125.31,0
5616.46,0.3561,0,0,1,3,0,0,338.45,1
4084.49,0.243,0,0,0,1,0,2,239.99,0
56976.32,10.1832,1,1,0,4,1,2,3571.75,1
69190.61,9.6853,0,1,0,5,1,3,137.3,1
14191.67,1.7058,0,0,0,2,0,2,52.67,0
12909.23,0.6685,0,0,0,2,0,0,35.26,0
7715.59,0.5813,0,0,0,2,0,0,331.48,0
13840.66,2.5565,0,0,0,2,0,1,55.7,0
3572.78,0.2411,0,0,1,1,0,0,345.39,1
14639.1,1.5783,0,0,0,1,0,0,137.64,0
1040.64,0.1068,0,0,0,1,0,0,180.51,0
12813.31,0.8867,0,0,0,3,0,0,110.75,0
6585.41,0.3531,0,0,0,1,0,0,21.89,0
4292.76,0.2528,0,0,0,3,0,0,293.14,0
5297.6,0.5653,0,0,0,2,0,0,287.49,0
4190.15,0.3077,0,0,0,1,0,1,180.88,0
572.67,0.0473,0,0,0,2,0,0,323.23,0
12877.21,2.7662,0,0,0,3,0,0,138.23,0
1122.87,0.0565,1,0,0,2,0,0,637.88,1
5715.32,0.3195,0,0,0,3,0,0,197.18,0
4787.97,0.3312,0,0,0,1,0,1,366.32,0
68124.16,12.881,1,1,1,7,0,3,851.28,1
297.11,0.0254,0,0,0,3,1,0,373.92,0
13188.4,0.6872,0,0,0,2,0,0,178.18,0
11118.09,0.7956,0,0,0,1,0,1,218.82,0
14309.13,1.5917,0,0,0,1,0,0,71.64,0
9341.6,0.8399,0,0,0,1,1,1,307.19,0
10478.76,0.5601,0,0,0,2,0,0,224.75,0
5793.64,1.1039,0,0,0,1,0,0,94.99,0
2978.08,0.2704,0,0,0,1,0,0,151.29,0
4809.91,1.2184,0,0,0,2,0,0,96.32,0
190.1,0.0169,0,0,0,2,0,0,123.07,0
13278.73,1.0693,0,0,0,2,0,1,78.18,0
14285.73,0.919,0,0,0,3,0,2,352.36,0
6414.17,0.7275,1,0,0,2,0,0,945.41,1
4751.66,0.31,0,1,0,2,0,0,333.17,1
12691.09,1.3062,0,0,0,1,0,0,160.75,0
9959.39,1.4809,0,0,0,3,0,0,238.57,0
9235.96,0.5532,0,0,0,2,0,0,384.84,0
3635.32,0.4251,0,1,1,7,0,3,13.25,1
7436.2,0.4986,0,0,0,2,0,2,167.32,0
40971.52,10.0914,0,1,0,9,0,3,358.39,1
55069.98,7.4829,0,1,0,5,1,3,274.12,1
75904.34,10.8398,1,0,0,2,1,2,598.41,1
56159.09,29.3655,1,1,1,3,0,3,2874.62,1
8509.81,0.6442,0,0,1,1,0,0,151.89,1
2838.39,0.3307,0,0,0,2,0,0,9.91,0
13616.47,1.7571,0,1,0,8,0,2,464.65,1
46209.61,5.2736,0,1,0,8,1,2,301.42,1
278.85,0.0225,0,0,1,2,0,0,194.01,1
6494.33,1.5198,0,0,0,2,0,0,334.99,0
7047.17,0.4281,0,0,0,3,0,0,169.98,0
69663.68,17.4515,0,0,1,2,1,1,493.37,1
3547.23,0.3593,1,0,0,1,0,0,1368.69,1
6889.18,0.6154,0,0,0,1,0,0,112.77,0
2552.53,0.6247,0,0,0,3,0,0,88.13,0
5717.09,0.4313,0,0,0,3,0,0,273.25,0
13209.58,0.9417,0,0,0,2,0,0,249.4,0
4540.3,0.333,0,0,0,1,0,0,149.2,0
2304.58,0.1168,0,0,0,3,0,0,52.14,0
12268.16,0.6797,0,0,0,3,0,1,215.35,0
7372.95,0.4383,0,0,0,1,0,2,171.46,0
57938.83,15.49,1,1,1,6,0,2,1590.91,1
48854.26,5.6449,0,0,0,7,0,2,226.32,1
46590.57,15.2507,1,0,0,5,1,1,2272.5,1
58401.83,9.4273,0,0,1,3,0,2,283.84,1
10004.61,0.9878,0,0,0,3,0,0,164.29,0
4729.66,0.4027,0,0,0,1,0,0,186.75,0
5852.16,0.3011,0,0,0,1,0,0,33.29,0
13122.8,1.9435,0,0,0,1,0,0,24.88,0
4643.06,0.7399,0,0,0,3,0,0,119.14,0
12326.12,3.9489,0,0,0,2,0,1,131.69,0
1957.25,0.1012,0,0,0,2,0,0,306.35,0
6482.44,1.8731,0,0,0,1,0,2,4.21,0
13322.63,0.7321,0,0,1,3,0,0,246.03,1
4014.54,0.364,0,0,0,1,0,0,380.86,0
58940.13,15.3166,0,1,1,4,1,1,357.75,1
10721.95,1.1077,0,0,0,3,1,0,138.88,0
56830.43,7.3441,1,1,0,5,1,2,4047.12,1
20463.79,2.0888,1,1,1,4,0,1,882.62,1
10092.99,1.5523,0,1,1,3,1,3,295.42,1
94786.42,11.6358,0,1,1,4,0,3,23.16,1
10611.8,1.715,0,0,0,3,0,0,94.4,0
8610.87,0.4871,0,0,0,2,0,0,227.68,0
32769.39,3.4052,1,1,1,3,1,2,867.06,1
14502.67,1.3762,0,0,0,1,0,0,210.44,0
5366.75,0.6415,0,0,0,3,0,0,128.29,0
14751.78,2.0756,0,0,0,3,0,0,286.39,0
4246.19,0.4368,0,0,0,3,0,1,325.92,0
54347.56,25.5058,1,1,1,6,1,1,3291.44,1
34069.26,15.1159,1,1,1,3,0,3,704.03,1
6721.49,0.8241,0,0,0,1,0,0,143.46,0
10339.79,1.243,0,0,0,3,0,0,280.63,0
24925.51,2.8762,0,1,0,4,1,1,446.33,1
9184.26,0.4949,0,0,0,3,0,0,300.72,0
2694.93,0.2192,0,0,0,1,0,0,177.85,0
4909.87,0.6646,0,0,0,1,0,0,53.31,0
13506.17,0.9871,0,0,0,1,0,0,15.5,0
90632.86,26.7668,1,1,1,6,1,2,2746.84,1
40106.31,4.3613,1,1,0,3,1,3,524.2,1
9428.22,2.203,0,0,0,1,0,0,19.72,0
14545.41,1.3573,0,0,0,2,0,1,228.87,0
9083.1,0.6432,1,0,0,2,1,0,575.89,1
9730.02,0.6948,0,1,0,2,0,0,260.07,1
30042.11,3.2107,0,0,0,8,0,2,495.02,1
5139.64,0.2773,1,0,0,2,0,0,1162.15,1
1966.24,0.139,0,0,0,3,0,1,239.07,0
3745.36,0.3686,0,0,0,2,0,1,350.85,0
26187.15,14.3713,0,0,0,7,0,1,363.45,1
13057.29,2.0991,0,0,0,2,0,0,379.12,0
4968.41,0.5555,0,0,0,3,0,0,109.69,0
13407.39,0.9108,0,0,0,3,1,0,277.55,0
86899.57,10.8176,1,1,1,9,0,3,3104.83,1
10125.19,0.8841,1,0,0,1,0,0,800.64,1
18982.85,6.5336,1,1,1,5,1,3,621.23,1
3412.01,0.5219,0,0,0,2,0,0,101.35,0
6774.78,0.6848,1,0,0,3,0,0,792.96,1
94790.89,31.5153,0,0,0,7,1,1,82.78,1
10184.62,1.2532,0,0,0,1,0,0,121.49,0
12164.99,2.0602,1,1,1,5,1,1,643.43,1
68295.6,20.117,0,1,1,7,1,1,183.51,1
7706.75,1.4298,0,0,0,2,1,1,136.7,0
64287.36,7.6954,0,1,0,5,1,1,107.03,1
6622.7,0.8002,0,0,0,1,0,0,374.47,0
13147.71,1.7267,0,0,0,2,0,0,65.02,0
2276.84,0.134,0,0,0,2,0,1,260.91,0
90275.0,9.7676,0,0,0,4,1,1,61.44,1
97504.73,51.2806,1,1,1,7,1,3,1237.62,1
36187.79,5.4278,1,1,1,7,1,1,2040.67,1
2152.24,0.5485,0,0,0,3,1,0,57.45,0
6743.71,0.4482,0,0,0,3,0,0,69.59,0
39013.62,8.6454,1,1,1,3,0,1,816.06,1
3807.08,0.2061,0,0,0,1,0,0,250.71,0
4868.24,0.4196,0,0,0,1,0,0,383.9,0
14187.87,1.0321,0,0,0,1,0,1,210.06,0
14783.62,3.1185,1,1,1,2,1,1,2083.39,1
36950.67,8.7381,0,1,1,2,0,2,487.9,1
2047.02,0.2576,0,0,0,1,0,0,361.78,0
3762.7,0.2028,0,0,0,2,1,0,380.91,0
81148.08,15.5614,0,0,1,7,0,2,357.5,1
6341.96,0.5377,0,0,0,1,0,0,393.83,0
14436.97,0.7443,0,1,0,1,1,0,191.85,1
3799.48,0.1919,0,0,0,3,0,0,293.05,0
50983.55,14.9087,1,0,1,2,0,3,703.51,1
2284.46,0.3998,0,0,0,2,1,0,246.52,0
70018.43,40.5662,1,0,0,4,0,3,757.72,1
11564.88,1.3368,0,1,0,9,1,3,488.23,1
13692.92,1.3907,1,1,0,5,1,3,537.58,1
43575.0,38.9226,1,1,0,3,1,1,565.66,1
12290.37,0.8568,0,0,0,3,0,0,306.22,0
9235.43,1.6281,1,0,0,1,0,0,1018.85,1
14022.86,2.1537,0,0,0,2,0,0,346.58,0
54962.78,28.6709,0,1,0,1,1,2,72.58,1
5405.4,0.3294,0,0,0,2,0,2,255.68,0
14547.1,8.5052,1,1,0,1,1,3,700.35,1
14259.16,1.1778,0,0,0,3,0,0,339.28,0
8859.74,0.4691,0,0,0,2,0,0,367.11,0
37438.61,7.2752,1,1,1,9,1,3,4003.15,1
8207.22,0.663,0,1,0,1,0,0,178.92,1
60300.2,16.8681,1,1,1,6,0,1,567.44,1
37088.44,7.6314,1,0,0,3,1,1,2582.28,1
75960.83,7.7603,0,1,1,7,1,2,187.5,1
79167.91,10.4751,1,1,1,8,1,2,3465.4,1
31904.25,4.2269,1,1,0,4,1,3,837.16,1
44049.9,25.9521,1,1,1,7,1,3,4460.82,1
10520.83,2.1453,0,0,1,1,0,0,213.14,1
39380.04,5.2346,1,1,0,6,1,3,4757.89,1
82193.98,34.3466,1,1,1,9,1,2,4980.29,1
13342.32,3.2956,0,0,0,2,0,0,81.89,0
14444.12,5.6927,1,1,1,4,1,2,885.56,1
7665.51,0.6674,0,0,0,2,0,0,155.81,0
37065.91,5.4928,1,1,1,7,1,2,1396.35,1
3218.66,0.7604,0,0,0,3,0,1,161.01,0
6093.68,1.5743,0,0,0,1,0,0,49.33,0
8529.56,2.6162,0,0,0,3,0,0,144.64,0
4449.86,0.7433,0,0,0,7,1,2,212.96,1
2471.47,0.274,0,0,0,2,0,0,156.28,0
9140.07,1.5663,0,0,0,3,0,0,288.04,0
27943.97,3.1238,0,0,0,7,1,2,371.75,1
73102.51,19.6112,1,1,0,3,0,2,722.42,1
9999.91,0.9348,0,0,0,1,0,0,384.65,0
8483.57,0.5316,0,0,0,2,0,0,83.0,0
11194.49,0.5772,0,0,0,2,0,0,397.05,0
11765.56,1.1179,0,0,0,3,0,0,311.16,0
12744.24,0.7038,0,0,0,1,0,0,291.37,0
536.56,0.0397,0,0,0,2,0,0,218.3,0
13085.18,1.8594,1,0,0,2,0,0,886.98,1
45115.3,5.3577,0,1,0,8,1,3,398.89,1
56433.42,51.7249,0,1,0,4,1,3,268.25,1
14529.45,1.192,0,0,0,1,0,0,378.01,0
18481.75,4.5687,0,0,0,7,0,2,98.56,1
80267.12,8.2658,1,1,1,9,0,1,3116.96,1
4171.6,0.4202,0,1,1,3,1,3,246.66,1
1413.32,0.1409,0,1,0,2,0,0,277.36,1
6661.58,0.5403,0,1,0,2,0,0,233.23,1
3203.34,0.4937,0,0,0,1,0,0,50.25,0
23798.6,3.1433,0,1,0,8,1,1,34.94,1
14948.1,1.8751,1,1,0,6,0,1,3806.69,1
14320.9,0.8018,0,0,0,2,0,0,285.46,0
7314.78,1.7923,0,1,0,2,0,0,336.44,1
58400.01,5.9367,1,1,1,6,0,2,685.83,1
4093.9,0.2438,0,0,0,3,0,0,215.25,0
14537.27,0.9604,1,0,0,1,0,0,1017.61,1
6146.6,0.3153,0,0,0,1,0,0,107.4,0
3649.32,0.3798,0,0,0,2,0,0,356.53,0
51260.9,5.55,1,0,1,5,0,2,662.81,1
3178.98,0.178,0,0,0,3,0,1,36.35,0
9446.98,0.8573,1,0,0,3,0,0,1176.48,1
3565.8,0.7184,0,0,0,3,1,0,88.18,0
2908.65,0.1743,1,0,0,3,0,0,769.33,1
11279.05,1.3437,0,0,0,3,0,0,117.84,0
14332.11,2.0236,0,0,0,2,0,0,73.53,0
6361.72,0.5067,0,0,0,2,1,0,31.4,0
8576.93,0.4768,1,0,0,2,0,0,1239.82,1
85335.95,19.1501,1,1,1,7,0,2,2543.36,1
13645.03,3.904,0,0,0,3,0,0,360.76,0
1839.54,0.3542,0,0,0,2,0,0,374.63,0
8003.32,0.561,0,0,0,2,0,0,169.08,0
12293.57,2.0771,0,0,0,3,0,0,277.15,0
14223.17,3.4042,0,0,0,2,0,0,243.88,0
13431.74,1.779,0,0,0,2,0,0,359.44,0
6190.28,0.6015,0,0,0,1,0,0,208.47,0
5266.11,0.3356,0,0,0,2,0,0,302.72,0
13112.33,3.5363,0,0,0,2,0,0,228.53,0
3574.49,0.202,0,0,0,1,0,0,277.65,0
3344.93,0.2305,0,0,0,1,0,0,224.75,0
11206.43,1.1868,0,0,0,1,0,0,183.74,0
7523.16,0.7194,0,0,0,2,0,0,52.18,0
13313.93,0.7351,0,0,0,1,0,1,14.06,0
3431.68,0.1819,0,0,0,2,1,0,64.39,0
11228.39,1.256,1,0,0,2,1,3,3066.27,1
6177.62,0.7834,0,0,0,1,0,0,121.72,0
7031.56,1.7259,0,0,1,2,1,2,240.73,1
4038.07,0.5122,0,0,0,3,0,0,322.67,0
14840.27,3.7755,0,0,0,1,0,0,192.76,0
12942.02,1.0277,0,0,0,1,0,0,133.18,0
4761.38,1.0203,0,0,0,3,0,0,22.84,0
14372.89,0.8448,0,0,0,3,0,0,71.86,0
27238.06,2.901,1,0,0,8,0,2,561.45,1
8295.88,4.606,1,1,0,3,1,2,2829.68,1
2432.29,0.2634,0,1,0,1,0,0,63.76,1
5031.78,0.2919,0,0,0,3,1,1,203.0,0
1697.98,0.1459,0,0,0,2,0,0,396.83,0
15864.85,2.8701,0,1,0,7,1,1,235.7,1
4996.2,0.637,0,0,0,1,0,0,72.25,0
7035.76,0.3696,1,0,0,2,0,0,707.67,1
12540.0,0.7912,0,0,0,2,0,0,44.65,0
31814.78,3.8749,0,0,1,7,1,2,457.71,1
14670.02,2.2888,0,0,0,3,0,0,116.75,0
13003.75,2.194,0,0,0,1,0,0,351.14,0
1493.45,0.1455,0,0,0,1,0,0,379.05,0
8935.44,0.736,0,0,0,2,0,2,28.96,0
3719.89,0.2017,0,0,0,3,0,0,187.26,0
8016.97,0.8185,1,0,0,2,1,1,1142.47,1
3064.05,0.2316,0,0,0,3,0,0,165.34,0
17142.04,1.9973,1,1,0,1,1,3,536.61,1
96283.2,55.006,1,1,1,7,0,2,1583.97,1
6888.82,0.4593,0,0,0,1,0,0,94.54,0
8049.96,2.6797,0,0,0,3,0,0,83.29,0
95127.2,11.3909,0,0,1,4,0,1,58.64,1
6087.02,1.4165,0,0,0,1,0,0,246.75,0
6741.37,0.3916,0,0,0,1,0,0,179.45,0
84411.26,9.4799,1,0,1,3,1,3,628.01,1
4164.63,0.3828,0,0,0,1,1,0,182.05,0
11699.89,2.2382,0,0,0,3,0,0,13.72,0
65258.42,10.8576,1,1,1,5,0,3,1322.63,1
22205.59,3.3813,0,0,1,9,1,1,290.51,1
7281.59,0.4593,0,0,0,1,0,0,17.27,0
236.57,0.0368,1,0,0,2,0,0,1113.79,1
10887.44,1.6484,0,0,0,3,0,0,275.36,0
13621.2,2.6802,0,0,0,2,0,0,351.79,0
4311.74,0.398,0,0,0,1,0,1,64.87,0
53183.83,5.6564,0,1,0,2,0,2,471.66,1
1249.45,0.1523,0,0,0,3,0,0,95.7,0
4785.07,0.3716,0,0,0,1,0,0,164.37,0
14520.49,1.8742,1,0,1,7,1,2,542.98,1
9823.77,0.9135,0,1,0,3,0,0,129.88,1
8929.27,0.944,0,0,0,2,0,0,242.03,0
4019.24,0.5895,0,0,0,3,0,0,106.04,0
2835.34,0.3886,0,0,0,1,0,0,153.27,0
11746.37,2.4679,0,0,0,3,0,0,40.47,0
13436.77,0.6882,0,0,0,1,0,0,44.01,0
5144.46,0.4656,0,0,0,2,1,0,347.52,0
4339.23,1.1419,0,0,0,1,0,0,345.11,0
9463.5,0.9742,0,1,0,1,0,0,392.85,1
105.98,0.0063,0,0,0,3,1,0,76.6,0
28659.67,2.8852,1,1,1,2,0,1,4437.66,1
70718.32,11.9782,1,1,0,1,1,3,527.5,1
5181.2,0.2677,0,0,0,3,0,0,25.7,0
9626.86,1.8536,0,0,0,2,0,0,109.88,0
565.08,0.0291,0,0,0,1,1,0,121.31,0
62300.74,7.4875,0,0,0,6,0,1,425.67,1
2918.17,0.2289,0,0,0,2,1,0,344.65,0
3006.32,0.1555,0,0,0,1,0,0,203.63,0
7114.7,0.4739,1,0,0,1,0,0,829.99,1
14192.04,2.2347,0,0,0,1,0,0,281.8,0
78956.91,21.441,0,0,0,4,1,1,151.26,1
30295.84,6.2096,0,1,0,3,1,2,250.99,1
8738.52,0.6462,0,0,0,3,0,0,357.95,0
8095.02,1.0473,0,0,0,1,0,0,65.0,0
70955.45,7.2879,1,1,1,7,1,1,2809.75,1
22887.75,2.6081,0,0,0,8,1,1,152.49,1
38893.97,7.4472,1,1,0,5,1,1,2497.91,1
921.13,0.0509,0,0,0,3,0,1,86.45,0
181.11,0.0503,0,0,0,1,0,0,310.13,0
3914.72,0.2783,0,0,0,3,0,2,214.56,0
14414.65,1.7062,1,0,0,1,0,0,1345.71,1
9251.12,1.0657,0,0,0,2,0,2,15.35,0
61271.77,8.1378,1,1,1,6,1,1,2044.01,1
10212.04,1.0056,1,0,0,2,0,0,1099.68,1
35080.24,3.6641,1,1,1,8,1,2,4326.58,1
4215.96,0.256,0,0,0,1,1,0,272.58,0
436.27,0.0887,0,0,0,2,0,0,328.23,0
9901.05,0.5129,1,0,0,1,0,0,1289.59,1
67202.97,8.2953,0,1,1,5,1,2,148.63,1
4456.98,0.2494,0,0,1,1,0,0,167.16,1
10588.66,0.5551,0,0,0,1,0,0,264.79,0
50184.46,5.5471,1,0,1,6,0,1,629.54,1
661.69,0.0716,0,0,0,2,0,1,59.24,0
10611.9,0.7359,0,0,0,1,0,0,0.51,0
9164.42,0.8683,1,0,1,1,1,0,548.79,1
86742.79,9.4943,0,1,0,7,1,1,243.66,1
11596.39,0.6451,0,0,0,2,0,0,241.0,0
853.89,0.0455,1,0,0,3,0,0,690.3,1
13356.34,1.2736,0,0,0,2,1,0,300.27,0
13838.53,2.8969,0,0,1,1,0,0,222.8,1
75729.04,32.5426,0,0,0,2,1,1,160.12,1
12138.28,1.9491,0,0,0,3,0,0,288.51,0
5426.95,0.7033,0,0,0,1,0,0,277.12,0
14796.29,1.2631,1,0,0,3,0,0,1023.21,1
11120.36,0.9681,0,0,0,1,0,1,67.76,0
8777.69,1.7023,0,0,0,1,1,0,337.92,0
5393.82,1.4062,0,0,0,3,0,0,221.67,0
4264.09,0.3308,0,0,0,1,1,0,57.83,0
179.7,0.0114,0,0,0,3,0,0,55.89,0
2061.58,0.2233,1,1,1,5,1,2,810.14,1
9032.65,1.8055,0,1,0,7,1,1,441.57,1
9969.34,1.7518,0,0,0,1,0,2,51.28,0
3026.98,0.2253,0,0,0,1,0,0,156.61,0
9755.67,1.1138,0,0,0,3,0,0,343.17,0
13469.75,1.1406,0,0,0,3,0,0,12.33,0
463.43,0.036,0,0,0,1,0,1,87.73,0
2880.02,0.38,0,0,0,1,0,0,181.55,0
3928.59,1.1708,0,0,0,3,0,0,22.61,0
13598.57,1.0762,0,0,0,1,0,1,152.46,0
8454.35,1.8315,0,0,0,3,0,0,165.39,0
12594.38,1.1441,0,0,0,3,0,0,94.63,0
596.52,0.0322,0,0,0,3,0,0,258.3,0
3547.1,0.667,0,0,0,1,0,2,22.13,0
14768.19,1.8319,0,0,0,1,0,0,310.59,0
5867.05,0.419,0,0,0,3,0,0,21.62,0
75707.43,13.685,0,1,0,1,0,1,481.8,1
12746.64,0.8496,0,0,0,3,0,0,103.08,0
765.45,0.0926,0,0,0,2,0,0,324.43,0
9174.53,0.5708,0,0,0,3,0,0,189.13,0
26500.57,3.3323,1,1,1,5,1,2,633.46,1
4929.61,0.2513,0,0,0,1,0,0,178.04,0
9650.99,0.5268,0,0,0,2,0,0,152.56,0
2653.83,0.6111,0,0,0,3,0,0,313.89,0
16431.73,13.3005,0,0,0,7,0,1,77.39,1
13436.99,0.6819,0,0,0,1,0,0,64.66,0
79642.65,10.2316,1,1,1,9,1,2,1402.33,1
12600.67,1.5633,0,0,0,3,0,0,54.79,0
37515.64,5.221,1,1,1,2,1,2,908.44,1
38070.39,5.3957,0,0,1,7,0,3,154.42,1
6082.97,0.7502,0,0,0,3,0,0,108.8,0
3528.26,0.3563,0,0,0,2,0,0,91.05,0
12779.96,0.7883,0,0,0,1,0,0,324.76,0
6819.7,1.4471,0,0,0,1,0,0,12.47,0
9822.02,0.608,0,0,0,3,0,0,73.28,0
2629.4,0.1354,0,0,0,2,0,0,192.45,0
1130.7,0.131,0,0,0,2,0,0,222.06,0
86940.33,11.4892,1,0,0,7,1,2,714.37,1
6705.47,0.5174,1,0,0,1,0,0,1032.77,1
59354.42,21.2978,1,1,0,3,1,2,2250.44,1
10303.12,2.0074,0,0,0,2,0,0,7.22,0
89694.87,25.2685,1,0,0,4,1,1,791.47,1
93367.86,17.6911,0,0,0,5,0,2,186.89,1
31170.58,4.2514,0,0,0,7,0,2,414.57,1
10659.34,2.1554,0,0,0,2,0,0,312.5,0
11946.59,1.9645,0,0,0,1,0,0,153.98,0
14072.35,3.092,0,0,1,1,0,0,322.28,1
4546.91,0.3284,0,0,0,1,0,0,94.4,0
99706.17,17.4559,1,1,1,5,1,1,1800.36,1
5535.79,0.3102,0,0,0,1,0,0,134.0,0
33777.61,4.2545,1,1,1,5,1,1,936.95,1
53121.67,8.8238,1,0,0,6,1,2,4148.92,1
4769.18,0.5949,0,0,0,3,0,0,348.51,0
14634.21,0.9178,0,0,0,1,0,0,1.8,0
10570.8,0.6416,0,0,0,2,0,0,61.06,0
3320.42,0.2545,0,0,1,2,0,0,319.12,1
1640.33,0.2702,0,0,0,3,0,0,131.06,0
307.84,0.0217,0,0,0,2,0,0,244.6,0
9773.51,1.6908,0,0,0,1,0,0,56.44,0
11973.04,2.3165,0,0,0,2,0,0,268.91,0
12562.13,0.7341,1,0,0,2,0,0,1198.57,1
29724.2,5.3299,0,0,0,9,1,2,458.55,1
12917.77,0.6771,1,0,0,3,0,0,882.03,1
3170.5,0.3019,0,0,0,3,0,0,330.12,0
1988.02,0.1574,0,0,0,1,0,0,113.84,0
2778.99,0.2537,1,0,0,3,0,0,1253.23,1
12528.67,1.1063,0,0,0,1,0,0,333.35,0
2075.8,0.2979,0,0,0,1,0,0,206.85,0
34772.96,13.7072,0,0,0,8,1,3,364.63,1
42164.35,4.9798,0,1,0,4,0,2,170.68,1
5065.3,0.3862,0,0,1,3,0,0,242.41,1
6803.7,0.3867,1,0,0,2,0,0,999.54,1
6416.56,1.5536,0,0,1,3,0,0,209.32,1
16591.19,2.4861,0,0,1,8,0,2,99.59,1
14148.65,5.068,0,1,0,7,0,1,418.78,1
14426.35,2.0051,0,0,0,2,0,0,8.85,0
3974.93,0.306,0,0,0,2,0,0,393.98,0
6679.05,0.3503,0,0,1,1,1,1,257.13,1
9617.02,0.5007,0,0,1,3,0,0,123.54,1
2649.43,0.1485,0,0,0,3,0,0,34.08,0
36308.73,3.8592,0,1,0,8,1,1,459.46,1
95700.48,23.9384,1,1,1,8,1,1,1337.06,1
93456.21,39.2626,0,0,0,6,0,1,443.3,1
45881.21,6.3792,0,1,0,9,1,1,172.76,1
13857.16,1.2861,0,0,0,2,0,0,180.93,0
7995.44,0.8278,0,0,0,3,0,0,387.46,0
2130.13,0.1178,0,0,0,2,0,0,351.25,0
12256.24,0.7364,0,1,1,3,0,0,46.21,1
10225.32,2.4695,0,0,0,3,1,0,308.81,0
4461.85,1.0266,0,0,1,1,0,0,125.83,1
79946.67,19.4966,0,1,1,4,1,2,268.01,1
71031.2,9.0311,0,1,1,2,1,3,221.53,1
2260.99,0.1456,0,0,0,1,0,0,262.18,0
6333.61,0.4183,0,0,0,3,0,0,61.87,0
70907.16,15.5828,1,0,1,6,0,2,728.81,1
37155.69,6.7275,1,1,1,8,0,2,4300.5,1
5247.37,0.7078,0,0,0,2,0,0,186.9,0
12025.43,1.1166,0,0,0,1,0,0,241.7,0
4659.41,0.2483,0,0,0,2,0,0,163.1,0
6788.78,0.5596,0,0,0,2,0,1,62.3,0
8426.73,0.5611,0,0,0,2,0,0,100.89,0
37666.73,4.5527,1,1,0,6,1,3,1168.66,1
10329.96,1.0246,0,0,0,2,0,0,123.77,0
5325.82,0.8645,1,1,0,5,0,2,2193.53,1
11787.68,0.8409,0,0,0,3,0,0,362.39,0
50811.24,7.0341,1,0,1,5,0,1,3842.5,1
10272.64,0.6888,0,0,0,1,0,0,377.04,0
40707.33,9.1012,1,1,1,8,0,2,4129.01,1
71352.76,9.3803,1,1,1,6,1,1,3197.54,1
39496.43,14.2672,1,1,0,4,1,2,931.56,1
5482.87,0.8273,0,0,0,2,0,0,295.84,0
2549.45,0.1529,0,0,0,1,0,0,50.87,0
53741.52,12.9149,1,1,1,8,0,2,1000.67,1
69651.06,33.9198,1,1,1,9,1,3,2623.43,1
13447.6,3.3768,0,0,0,2,0,0,286.65,0
83453.07,35.9374,1,1,1,8,0,2,1662.93,1
52026.42,39.1564,0,1,1,3,0,1,98.33,1
8834.12,0.9737,0,0,1,3,0,0,136.91,1
5002.19,0.5181,0,0,0,2,0,0,137.22,0
4457.38,0.269,0,0,0,1,0,0,140.92,0
14003.39,0.9881,0,0,0,3,0,2,17.95,0
34514.35,6.7834,1,1,1,5,1,2,3084.75,1
9272.8,2.8826,0,0,0,3,0,0,167.2,0
5239.78,0.5674,1,1,1,3,1,2,4661.01,1
6699.42,1.8708,0,0,0,1,0,0,324.17,0
14605.75,9.9566,1,1,0,2,0,1,4319.71,1
5539.75,0.2992,0,0,0,2,0,0,302.17,0
45275.98,8.0466,1,0,1,2,0,1,3996.48,1
1746.21,0.0989,0,0,0,2,0,0,261.2,0
6306.18,0.9724,0,0,1,8,0,1,252.53,1
5560.21,0.3508,1,0,0,1,0,0,615.43,1
3761.68,0.2937,0,0,0,1,0,0,329.64,0
3292.41,0.3743,0,0,0,1,0,0,76.81,0
11070.57,0.8708,0,0,0,2,0,0,46.58,0
9716.44,0.6616,0,0,0,2,0,0,104.96,0
5703.02,0.2998,0,0,0,1,0,0,235.08,0
41575.93,6.8547,1,1,1,9,1,2,4899.73,1
10901.16,1.0469,0,0,0,3,0,0,136.23,0
6928.42,0.4876,0,0,0,2,0,0,36.05,0
10802.94,2.4344,1,1,1,3,0,2,533.52,1
1963.67,0.5299,0,0,0,2,0,0,97.69,0
11062.2,1.6763,0,1,0,1,0,0,126.52,1
14301.56,1.2136,0,0,0,3,0,0,218.85,0
10695.83,1.3327,0,0,0,3,0,0,377.69,0
5533.14,0.3147,0,0,0,3,0,0,205.81,0
60226.01,12.1178,0,0,1,1,0,1,270.38,1
14700.73,2.1492,0,0,0,3,0,0,173.19,0
12233.08,1.0337,0,0,0,3,0,0,209.08,0
71640.65,12.2248,0,1,0,4,1,1,394.46,1
8481.43,0.8623,0,0,0,2,0,1,220.25,0
10815.75,0.8355,0,0,0,3,0,0,375.64,0
11959.11,1.0797,0,0,0,2,1,0,143.95,0
6224.6,0.6888,0,0,0,2,0,0,163.68,0
53176.67,11.5197,0,1,1,4,0,2,210.46,1
5069.33,0.7541,0,0,0,1,0,0,110.8,0
575.08,0.1339,0,0,0,1,0,0,79.95,0
1797.78,0.124,0,0,0,1,1,0,288.36,0
8363.49,0.4825,0,0,0,3,0,0,82.41,0
1978.23,0.1106,0,0,0,2,0,0,161.75,0
14135.67,3.4533,0,0,0,3,0,0,9.38,0
8037.4,0.8309,0,0,0,3,1,0,329.09,0
7191.54,1.4146,1,0,0,2,0,0,954.64,1
17402.03,5.5547,0,0,0,7,1,1,417.29,1
3070.77,0.3731,0,0,0,3,0,0,253.41,0
14843.85,1.9888,0,0,0,1,0,0,308.9,0
20904.8,2.5203,1,1,0,6,0,1,1894.63,1
65936.65,7.0047,1,1,1,5,0,1,4214.12,1
12322.37,1.2485,0,0,0,1,0,0,204.81,0
365.72,0.03,0,0,0,3,0,0,10.55,0
32144.2,7.7479,1,1,1,6,0,1,4463.13,1
9072.31,0.7971,0,0,0,3,1,0,379.01,0
2816.79,0.1481,0,0,0,3,0,1,83.21,0
5858.76,0.8888,0,0,0,1,1,0,390.41,0
3842.26,0.2895,0,0,0,3,0,1,129.86,0
85168.33,32.5507,1,1,1,8,0,2,4259.85,1
12470.73,1.2314,0,0,0,2,0,0,113.94,0
9527.17,0.5392,0,0,0,3,0,2,311.19,0
25451.14,17.8811,1,1,1,2,0,3,578.08,1
5153.05,1.2273,0,0,0,3,0,0,287.88,0
7376.19,2.1799,0,0,0,2,0,0,117.6,0
10742.6,7.004,0,1,0,7,1,1,305.04,1
11574.96,2.141,0,0,0,1,1,0,3.26,0
9392.05,0.7515,0,0,0,1,0,0,109.33,0
78750.65,10.602,1,1,1,6,1,2,1241.66,1
764.09,0.0392,0,0,0,2,0,0,129.28,0
3918.2,0.414,0,0,0,1,0,0,265.26,0
3954.36,0.2608,0,0,0,1,0,1,112.96,0
8948.72,0.6404,0,0,0,3,0,0,31.14,0
13498.83,0.9923,0,0,0,3,0,0,74.53,0
32706.44,6.3109,0,0,0,9,0,3,278.56,1
8396.98,0.4468,0,0,0,2,0,0,185.47,0
2214.8,0.2707,0,0,0,2,0,0,87.5,0
9194.87,0.4848,0,0,0,2,1,1,29.9,0
2419.56,0.3524,0,0,0,1,0,0,8.37,0
23983.96,4.7416,0,1,1,8,0,3,200.48,1
28359.75,3.3599,0,1,0,5,1,2,309.98,1
11815.76,0.6568,0,0,0,3,0,0,232.87,0
7493.02,0.4402,0,0,0,2,0,0,40.96,0
857.72,0.1269,0,0,0,2,0,0,219.04,0
6879.73,0.4289,0,0,0,2,0,0,178.38,0
5212.42,0.7329,0,0,0,2,0,0,7.67,0
436.81,0.0611,0,0,0,3,0,1,343.68,0
4428.14,0.7624,1,0,0,1,0,0,923.65,1
8970.8,0.5032,0,0,0,3,0,2,154.19,0
73624.14,13.7555,1,1,0,3,1,2,603.0,1
41974.46,7.2525,1,1,0,6,1,2,4021.0,1
10516.68,0.5633,0,0,0,2,0,0,360.85,0
80013.05,10.8771,0,1,1,1,0,3,94.44,1
10317.04,0.7347,0,0,0,3,0,0,170.0,0
457.23,0.0549,0,0,0,2,0,0,221.58,0
36215.12,12.6527,0,1,0,5,0,3,393.35,1
12154.61,0.7469,0,0,0,2,1,2,286.25,0
8368.16,1.3504,0,0,0,1,0,0,103.1,0
85923.29,25.6817,1,0,0,5,1,1,616.07,1
2050.06,0.1902,0,0,0,3,0,0,336.81,0
51750.13,9.1446,0,1,1,4,0,3,9.34,1
11907.6,1.4494,0,0,0,3,0,0,373.11,0
3787.84,0.8699,0,0,0,1,1,2,256.01,0
12325.4,3.278,0,0,0,2,0,0,106.83,0
7026.26,0.5789,1,0,0,1,0,2,899.71,1
54461.24,6.9228,0,0,1,1,0,1,168.93,1
10709.24,0.6026,1,0,0,1,0,0,828.11,1
8442.26,0.514,0,1,0,2,0,0,250.08,1
78775.69,14.2828,1,1,1,7,1,3,3182.54,1
11293.97,0.777,0,0,0,1,0,0,197.59,0
13441.65,2.3321,1,0,0,3,0,0,619.73,1
11830.03,1.1891,0,0,0,1,0,0,272.24,0
9724.68,0.4977,0,0,0,2,0,0,229.58,0
89432.42,12.7951,1,1,1,5,0,3,2847.68,1
43824.04,12.26,1,1,1,7,1,3,4598.68,1
2660.67,0.3573,0,0,0,2,0,0,167.35,0
14048.58,3.5716,0,0,0,3,0,0,356.51,0
12046.04,0.7663,0,0,0,1,0,0,387.57,0
2316.95,0.1855,0,0,0,2,0,0,156.59,0
1544.59,0.1161,0,0,0,3,1,0,375.39,0
405.11,0.0341,0,0,0,1,0,2,93.72,0
14725.53,0.8061,1,0,0,3,0,0,886.75,1
4866.19,0.8685,0,0,1,8,1,3,54.81,1
8000.92,0.8879,0,0,0,3,0,0,177.14,0
8603.28,0.7659,0,0,0,3,0,0,196.72,0
8560.64,0.4995,1,0,0,2,0,1,1250.34,1
33591.51,8.5623,0,0,0,9,1,2,263.35,1
27360.37,3.2131,0,1,0,4,1,1,471.11,1
6022.57,0.9,0,0,0,3,1,0,133.16,0
5590.91,1.4272,0,0,0,2,0,0,281.4,0
37056.5,4.7857,1,1,1,6,0,3,1671.69,1
2367.0,0.1279,0,0,0,1,1,0,261.56,0
14394.76,2.2018,0,0,0,1,0,0,308.0,0
11484.99,0.8489,0,0,1,1,0,1,0.38,1
2140.09,0.2433,0,0,0,2,0,0,328.48,0
75768.1,9.8577,1,1,1,9,0,3,3565.76,1
12129.83,0.8786,0,0,0,3,0,0,393.18,0
415.47,0.0466,0,0,0,1,0,0,306.77,0
18053.48,2.8647,0,0,0,9,0,1,292.08,1
58465.28,19.4662,1,0,1,5,1,1,3279.39,1
9536.35,0.8779,0,0,0,2,0,0,113.94,0
1503.73,0.095,0,0,0,3,0,0,99.75,0
331.88,0.0237,0,0,0,1,0,0,80.31,0
34253.82,3.888,0,1,1,9,1,2,39.12,1
13334.03,0.7606,0,0,0,1,0,0,192.1,0
2053.71,0.1912,0,0,0,3,0,0,331.22,0
13117.72,1.2089,0,0,0,3,0,0,91.0,0
9436.99,0.614,0,0,0,3,0,0,188.2,0
2641.35,0.4969,0,0,0,1,1,0,120.49,0
3101.78,0.4443,0,0,0,1,1,0,68.84,0
10952.46,0.9843,0,0,0,2,1,0,340.48,0
4794.34,0.3926,0,0,1,1,0,0,271.58,1
10114.51,0.7592,0,0,0,3,0,0,151.85,0
11619.04,1.3424,0,0,0,3,0,0,109.83,0
2485.1,0.1517,1,0,0,1,0,1,520.88,1
18618.72,2.5089,0,1,1,1,0,3,271.06,1
13827.71,3.5293,0,0,0,2,0,2,325.26,0
823.64,0.0621,0,1,0,2,0,0,234.0,1
41482.15,5.9962,1,1,1,7,0,3,4799.87,1
7312.18,0.3725,0,0,0,3,0,0,143.63,0
3952.9,0.2582,0,0,0,2,0,1,94.27,0
14110.65,1.3752,0,0,0,1,0,1,32.13,0
14610.78,3.6403,0,0,0,2,0,0,120.28,0
39532.0,8.553,0,0,1,8,0,1,150.03,1
50623.73,8.755,1,0,1,3,1,3,4887.84,1
7108.17,0.8467,0,0,0,3,1,1,261.1,0
5807.9,0.674,0,0,0,1,0,1,138.47,0
49878.17,6.1132,0,1,0,8,1,3,296.1,1
3887.85,0.2202,0,0,1,3,1,0,77.66,1
8225.91,2.1253,0,0,0,1,1,0,202.13,0
9710.65,0.9988,0,0,0,1,0,0,227.14,0
15467.77,3.2465,0,0,1,9,0,3,116.13,1
48880.02,12.4933,0,1,0,5,0,2,327.38,1
4519.65,0.2494,1,1,0,3,0,0,1170.68,1
10436.75,0.6559,0,0,0,3,0,1,389.14,0
10960.64,0.5711,0,0,0,1,0,0,361.16,0
62268.04,14.4141,1,1,1,7,1,1,593.19,1
42874.94,19.5785,1,1,0,1,0,3,572.1,1
4968.44,0.4329,1,0,0,3,0,0,1234.97,1
248.4,0.0131,0,0,0,1,0,0,128.74,0
11232.9,1.034,0,0,0,1,0,0,315.89,0
6849.67,0.5845,0,0,0,3,0,0,109.4,0
4902.23,0.3927,0,0,0,3,0,0,89.56,0
11487.26,0.8902,0,0,0,2,0,0,356.84,0
11956.03,1.3729,0,0,0,3,0,0,383.83,0
4878.42,0.3436,0,0,0,2,0,0,197.84,0
11274.81,0.9663,0,0,1,3,0,2,343.32,1
76241.31,18.6373,0,0,1,2,1,2,435.15,1
13598.68,0.7424,1,0,0,1,0,2,1401.94,1
7993.65,0.9438,0,0,0,2,0,0,358.26,0
7483.78,2.2652,0,0,0,1,0,1,73.55,0
6115.97,0.9363,0,0,0,1,1,0,348.47,0
8952.41,0.5387,0,0,0,3,0,0,84.87,0
13551.36,0.7,0,0,0,2,0,0,335.26,0
4635.08,0.3174,0,0,0,3,0,0,277.45,0
3918.77,0.327,0,0,0,3,0,1,275.0,0
13431.76,1.1737,0,0,0,1,0,0,72.33,0
65873.23,29.242,1,1,1,7,1,2,3704.82,1
1578.0,0.0855,0,0,0,3,0,0,81.84,0
14265.62,1.0838,0,0,0,2,0,0,141.15,0
4697.64,0.2365,0,0,0,1,0,2,51.31,0
2086.94,0.3967,0,0,0,2,0,0,19.92,0
9966.57,2.0033,0,0,0,2,0,0,114.89,0
8719.39,0.9459,1,0,1,2,0,0,829.75,1
6890.46,1.1466,0,0,0,3,0,1,145.66,0
7347.5,1.0772,0,0,0,1,0,0,66.16,0
2703.02,0.2298,0,0,0,1,0,0,289.06,0
28448.83,2.9055,1,1,1,5,0,1,709.9,1
9498.62,0.7313,0,0,0,2,0,0,192.98,0
4123.03,0.2872,0,0,0,2,0,1,65.66,0
10073.03,0.7324,0,0,0,1,0,0,358.99,0
43732.64,5.5549,1,1,1,8,1,2,3521.89,1
7932.72,0.4153,0,0,0,2,0,0,263.15,0
5410.1,0.7356,0,0,0,1,0,0,379.55,0
922.74,0.048,0,0,0,3,0,0,278.98,0
3074.76,0.7653,1,0,0,3,1,0,1049.4,1
12833.65,1.1653,0,0,0,3,0,0,116.63,0
10708.1,0.9405,0,0,0,1,0,0,41.79,0
9131.03,0.477,0,0,0,1,0,0,43.26,0
12705.45,1.1522,0,1,0,1,0,0,399.73,1
1593.45,0.0845,0,0,0,3,0,0,32.31,0
45238.44,10.6516,1,1,0,4,0,1,1656.78,1
7469.81,1.4245,1,0,0,2,0,0,1300.56,1
13948.44,2.4857,0,0,0,2,0,0,173.44,0
30851.91,28.2873,0,0,0,8,1,1,164.95,1
49275.62,17.1096,1,1,1,4,0,1,1536.16,1
71400.11,60.3796,1,1,1,8,0,2,4362.53,1
14493.32,0.7834,1,0,0,3,1,0,1325.93,1
3428.85,0.7838,0,0,0,2,0,0,343.5,0
11188.15,0.6131,1,0,0,2,0,0,879.47,1
14203.8,1.9748,0,0,0,2,0,0,296.06,0
13192.59,1.455,0,0,0,1,0,0,85.54,0
58748.13,8.061,0,0,0,3,1,2,477.11,1
13771.02,1.1204,0,0,0,3,0,0,88.94,0
7739.05,0.5342,1,0,0,1,1,0,754.42,1
10571.46,2.8463,0,0,0,1,0,0,193.79,0
7390.42,1.1832,0,0,0,2,0,0,167.2,0
11652.2,0.9128,0,0,0,1,0,0,369.73,0
2608.94,0.1626,0,0,0,2,0,0,215.74,0
2588.92,0.1703,0,0,0,1,0,0,35.59,0
34279.13,6.8648,1,0,1,3,0,2,1705.23,1
4180.25,0.7989,0,0,0,1,0,0,398.46,0
11564.61,2.4148,0,0,0,2,0,0,275.45,0
10532.79,0.6179,0,0,0,2,0,1,395.73,0
51458.01,17.8341,0,1,0,3,1,1,24.11,1
2669.37,0.1583,0,0,0,1,0,0,374.22,0
370.55,0.0242,0,0,0,2,0,0,159.66,0
14107.82,1.4851,0,0,0,3,0,1,102.39,0
73402.21,17.8124,1,1,1,5,0,3,1163.94,1
2514.13,0.1615,0,0,0,3,0,0,95.84,0
3857.71,0.4527,0,0,0,3,0,0,304.72,0
6311.05,0.4647,0,0,0,1,0,1,135.5,0
17556.35,2.4932,1,1,0,2,0,3,633.82,1
13791.65,0.941,0,0,0,1,0,0,333.75,0
11776.21,1.4483,0,0,0,2,1,1,248.39,0
31736.65,12.0885,1,1,1,9,1,3,2227.6,1
47412.03,9.7821,1,1,1,9,0,3,2445.59,1
10606.36,1.4482,1,0,1,3,0,1,2721.58,1
5968.88,0.7394,0,0,0,1,0,2,333.87,0
387.84,0.0336,0,0,0,2,0,0,137.34,0
12797.99,1.0309,0,0,0,2,0,0,358.82,0
6057.5,1.6926,0,0,0,3,0,0,218.34,0
13235.01,1.0975,0,0,0,3,0,0,305.22,0
12269.5,0.7696,0,1,0,2,0,0,98.12,1
35648.91,4.1078,0,1,0,9,1,3,352.6,1
2064.37,0.1444,0,0,0,2,0,0,173.14,0
57115.17,15.5379,1,1,1,7,1,3,566.78,1
11716.17,0.8852,0,0,0,2,0,0,142.47,0
22255.44,6.6288,1,1,0,4,0,1,2492.21,1
7593.12,0.6983,0,0,0,2,0,0,236.12,0
5510.62,0.2874,1,0,0,1,0,1,645.75,1
12009.06,2.2798,0,0,0,3,0,0,368.84,0
21039.38,5.0754,1,1,1,1,0,2,729.01,1
1070.5,0.1031,0,0,0,2,0,0,109.07,0
9115.57,0.6198,0,0,0,3,1,0,192.57,0
4743.6,0.2391,0,0,0,3,0,0,253.65,0
50914.15,9.1674,1,0,0,2,1,2,741.02,1
1582.41,0.0932,0,0,0,3,0,0,35.15,0
3975.73,0.2091,0,0,0,3,0,0,332.53,0
40600.24,8.3953,0,0,0,9,1,2,78.37,1
4514.21,0.3681,0,0,0,1,0,0,177.57,0
12412.81,1.6454,0,0,0,2,0,0,208.95,0
16643.58,7.5632,0,1,0,7,0,2,235.47,1
973.0,0.146,1,0,0,1,1,0,933.64,1
1815.94,0.1797,0,0,0,2,0,0,28.4,0
7289.82,0.384,0,0,0,2,0,0,166.28,0
51584.85,9.1677,1,1,1,8,0,2,4480.35,1
13262.19,2.3159,0,0,0,2,0,0,134.09,0
31300.6,6.7618,0,1,0,1,0,3,141.06,1
68395.78,24.4218,0,1,0,1,1,2,269.34,1
1978.93,0.2044,0,0,0,3,0,0,362.5,0
7271.01,0.682,0,0,0,1,0,0,203.68,0
7011.13,0.4399,0,0,0,3,0,0,89.1,0
6436.86,0.8264,0,0,1,9,1,3,206.22,1
5558.3,1.5332,0,0,0,2,0,0,51.12,0
74768.77,18.6178,1,1,1,8,0,3,3487.29,1
7144.79,0.3905,0,0,0,2,0,0,117.73,0
56952.89,38.1444,1,1,1,7,0,3,4264.29,1
14072.52,2.7143,0,0,0,2,1,0,335.37,0
4888.41,1.344,0,0,0,3,0,0,55.86,0
4227.98,0.3883,0,0,0,3,0,0,233.5,0
10446.52,0.6506,0,0,0,3,0,0,49.08,0
27163.5,16.3079,1,0,1,6,1,1,575.4,1
14259.23,0.7137,0,0,1,3,1,0,119.52,1
56272.58,6.2823,1,1,1,1,0,1,951.11,1
649.71,0.0964,0,0,0,2,1,0,246.75,0
4305.21,0.256,0,0,0,2,0,0,302.43,0
13927.33,1.8722,0,0,0,2,0,0,185.71,0
8398.65,0.5898,0,0,0,1,0,1,152.85,0
8459.69,0.888,0,0,0,1,0,0,260.82,0
7452.32,0.5856,0,0,0,2,0,0,164.2,0
6169.59,0.4146,0,0,0,1,0,0,322.1,0
6626.17,0.8054,1,0,0,2,0,1,1314.24,1
12884.13,0.8299,0,0,0,3,0,2,159.72,0
1765.83,0.14,0,0,0,3,0,0,172.69,0
18171.88,13.146,1,0,1,6,1,2,1496.28,1
4511.62,0.3596,0,0,0,1,0,0,291.24,0
90910.78,18.0154,0,0,1,3,0,3,4.52,1
2075.47,0.2136,0,0,1,2,0,0,145.45,1
35412.63,6.2789,1,1,0,9,0,1,580.17,1
8599.82,1.8813,0,0,0,1,0,0,234.65,0
2554.64,0.6874,0,0,0,3,0,1,320.48,0
1490.59,0.2511,0,0,0,3,0,1,237.46,0
13878.16,0.7343,0,1,0,2,0,0,212.76,1
11904.03,0.7492,0,0,0,3,0,0,5.93,0
9482.12,0.4794,0,0,0,3,0,0,132.76,0
12858.86,1.1339,0,0,0,3,1,1,67.89,0
6029.56,0.4167,0,0,0,1,0,2,49.58,0
10409.03,0.7293,0,0,1,3,0,0,38.38,1
264.32,0.0141,0,0,0,3,0,2,81.26,0
78037.5,40.6106,1,1,1,8,0,3,1932.18,1
42941.27,16.0802,1,1,1,4,0,2,3045.47,1
13366.94,0.7198,0,0,0,3,0,0,75.16,0
2128.43,0.3762,0,0,0,3,0,0,7.89,0
7713.97,0.4162,1,0,0,1,0,2,1347.31,1
6712.81,0.9345,0,0,0,1,0,0,349.3,0
7071.26,0.9213,0,0,0,1,0,1,1.5,0
47392.77,10.1854,0,1,0,7,1,2,60.26,1
4679.15,0.2468,0,0,0,3,0,0,261.72,0
52839.68,6.1239,1,0,0,3,1,3,2520.85,1
72976.49,10.3049,1,1,1,2,0,3,915.59,1
10048.34,2.9156,0,0,1,1,1,0,278.36,1
20584.47,7.4282,1,1,0,2,0,3,851.09,1
6854.17,0.4465,0,1,0,1,0,0,158.41,1
13497.26,0.8792,0,0,0,3,0,1,161.44,0
52450.84,11.3713,1,1,1,4,0,3,930.56,1
7010.33,0.6971,0,0,0,2,0,0,383.13,0
8755.62,0.6421,0,0,0,3,0,0,84.42,0
49112.02,12.5218,1,1,1,9,0,1,1601.04,1
66995.45,19.9523,1,1,1,2,0,2,719.96,1
12728.72,0.8005,0,0,0,3,1,0,170.62,0
3623.46,0.4084,0,0,0,3,0,0,169.82,0
4980.45,0.2664,0,0,0,2,0,0,395.63,0
55703.4,8.5179,0,0,0,1,1,2,278.14,1
10085.76,1.6872,0,0,0,1,0,0,259.4,0
13856.91,3.2685,0,0,0,3,0,0,86.09,0
9459.92,0.7689,0,0,0,1,0,0,137.53,0
83219.11,10.043,1,1,0,7,0,1,544.91,1
8294.83,0.8272,0,0,0,1,0,0,285.65,0
52667.45,21.4571,1,0,0,5,1,2,772.32,1
7588.25,1.2677,0,0,0,1,0,0,390.18,0
59537.88,56.9875,1,0,0,3,0,2,4924.49,1
1221.56,0.2876,0,0,0,1,0,1,194.1,0
14660.1,2.9965,0,1,0,2,0,0,189.24,1
5658.19,3.2506,0,1,0,8,0,3,404.41,1
10051.12,0.6191,0,0,0,2,0,1,214.03,0
14727.74,1.4746,0,0,0,1,0,0,39.91,0
8590.4,1.4686,0,0,0,2,0,0,384.3,0
5898.55,0.5223,1,0,0,2,0,0,714.71,1
13329.74,1.3504,0,0,1,3,0,0,355.7,1
96095.66,18.4203,1,1,1,7,0,3,3153.18,1
14384.49,2.4254,0,0,0,2,0,0,245.79,0
62229.88,12.7381,1,1,1,6,0,2,4581.48,1
14357.12,2.2031,0,0,0,7,0,2,346.98,1
67130.6,23.974,0,1,0,7,0,1,84.46,1
14185.96,0.8015,0,0,0,1,1,1,260.12,0
57526.55,24.9289,1,1,0,3,1,2,2735.68,1
3854.88,0.4509,0,0,0,1,0,0,198.95,0
96602.46,12.4514,1,1,1,5,1,3,3056.15,1
9411.25,2.8955,0,0,0,1,0,0,36.61,0
10259.91,0.8411,1,0,0,1,0,0,620.84,1
34601.02,3.4642,1,0,1,3,1,3,2898.4,1
10313.54,2.0436,0,0,0,2,0,0,226.12,0
10753.53,0.7296,0,0,0,3,0,0,280.39,0
7812.4,0.4439,0,0,0,1,0,1,75.5,0
14692.32,1.7991,0,0,0,3,0,0,51.75,0
14974.77,1.0108,0,0,0,1,0,0,350.74,0
1379.05,0.0895,0,0,0,3,0,0,388.03,0
56835.62,20.1728,0,0,0,3,0,1,441.06,1
5306.77,0.8023,0,0,0,2,0,0,108.83,0
477.53,0.0376,0,0,0,2,0,0,336.0,0
21452.17,2.597,1,0,0,4,1,1,3320.19,1
5698.81,0.2892,0,0,0,3,1,0,382.62,0
11913.38,1.1505,0,0,0,2,0,0,394.54,0
4161.34,0.2242,0,0,0,1,0,0,392.22,0
57735.41,17.5111,1,1,1,9,1,3,1371.01,1
9289.4,0.681,0,0,0,1,0,2,166.06,0
7927.85,1.6017,1,0,0,1,1,0,803.17,1
3805.74,0.2619,0,0,0,1,1,0,154.29,0
8259.7,0.724,0,0,0,1,0,0,201.49,0
35982.68,3.9274,1,1,1,8,1,1,2216.52,1
75937.53,16.8082,1,1,0,2,1,2,716.84,1
63759.43,18.2358,0,0,0,1,1,2,378.95,1
1985.69,0.2078,0,0,0,3,0,0,239.53,0
85306.41,35.5283,1,0,0,5,0,2,789.09,1
14115.48,2.1956,0,0,0,1,0,0,96.13,0
8485.65,1.0972,0,0,0,3,0,0,65.94,0
4165.06,0.7317,0,0,0,1,0,2,96.38,0
61853.62,7.1886,1,1,1,7,0,3,1808.64,1
11927.13,1.5848,0,0,0,2,0,0,267.56,0
1634.99,0.3874,0,0,0,3,0,0,233.15,0
3762.82,0.2445,0,0,0,2,0,0,158.98,0
6465.33,0.4952,0,0,0,1,0,0,205.98,0
4333.62,0.2803,0,0,0,3,0,0,300.82,0
6909.01,0.8052,0,0,0,2,1,0,67.05,0
35882.22,4.9261,0,0,1,7,0,3,35.06,1
78485.82,30.7316,0,1,1,7,1,3,244.85,1
94622.32,12.03,1,1,1,9,1,2,3866.65,1
19222.9,2.549,0,1,1,9,0,1,16.97,1
13131.19,1.9815,0,0,0,1,0,0,60.29,0
3955.4,0.479,0,0,0,2,0,0,329.19,0
2756.29,0.1473,0,0,0,3,0,0,192.54,0
640.2,0.0325,0,0,0,1,0,0,143.69,0
63776.13,41.8914,0,0,1,1,0,1,305.37,1
2462.48,0.1883,0,0,0,1,0,0,43.51,0
99709.19,20.5896,1,1,1,8,1,2,1304.56,1
3281.11,0.4125,0,0,0,2,0,0,399.6,0
1262.94,0.0927,0,0,0,3,0,0,222.65,0
8617.43,0.8027,0,0,0,1,0,0,179.89,0
12056.03,0.8374,0,0,0,3,0,0,138.58,0
97189.04,43.055,1,1,1,7,0,1,2840.88,1
8015.89,0.4691,0,0,0,3,0,0,24.72,0
8243.05,1.2702,0,0,0,2,0,0,321.5,0
57451.1,5.8587,1,0,0,5,1,2,4026.52,1
13090.96,1.347,0,0,0,2,0,1,135.41,0
11883.23,0.9216,0,0,0,2,0,0,130.34,0
5700.65,0.4732,1,0,0,1,1,0,1181.57,1
6664.0,0.5633,0,0,0,3,0,0,320.28,0
50493.94,6.871,0,1,0,4,0,1,64.92,1
4053.6,0.4901,0,0,0,2,0,0,86.37,0
11404.03,1.965,0,1,0,4,1,1,119.94,1
43962.39,4.514,1,1,1,7,0,1,774.4,1
13900.59,0.8247,0,0,0,1,0,0,392.91,0
2658.79,0.647,0,0,0,2,0,0,340.25,0
34876.6,3.6859,1,1,0,2,0,1,4245.67,1
8623.92,0.6402,0,0,0,2,1,2,324.8,0
11054.24,1.6575,0,0,0,2,0,0,165.89,0
14660.03,1.1368,0,0,0,2,0,0,381.32,0
1777.06,0.1221,0,0,0,3,0,0,190.23,0
9553.16,0.5596,0,1,0,1,1,0,256.45,1
2338.2,0.1647,0,0,0,2,0,0,369.23,0
66026.56,24.0189,0,1,0,5,0,2,275.73,1
31762.92,3.5515,1,1,1,1,0,2,506.69,1
9418.42,0.5577,0,0,0,3,0,2,335.75,0
29942.85,8.6305,0,1,0,1,1,1,99.02,1
12166.0,2.3503,0,1,0,1,0,0,85.82,1
85629.18,8.9927,1,0,0,7,1,2,507.96,1
1459.63,0.1401,0,0,0,3,0,0,208.83,0
55128.5,12.1209,1,1,1,3,0,1,2757.54,1
2818.9,0.2099,0,1,0,1,0,0,261.52,1
7140.71,0.812,1,0,0,2,0,0,1196.99,1
4015.93,1.0655,0,0,0,2,0,0,140.26,0
10580.37,1.3086,0,0,0,3,0,0,82.24,0
10422.85,0.8653,0,0,0,2,0,0,154.93,0
10154.89,1.8338,0,0,0,7,0,2,210.77,1
5975.73,0.3023,0,0,0,1,0,0,122.29,0
7671.54,0.865,0,0,0,1,0,0,1.92,0
3374.41,0.2401,0,0,0,2,0,0,34.2,0
10009.65,0.5795,0,1,0,2,0,0,170.76,1
21539.66,4.4038,0,1,0,5,0,1,311.21,1
56287.27,18.0734,1,0,0,2,1,2,1566.94,1
6039.65,0.689,0,0,0,3,0,0,253.07,0
4472.83,0.6782,0,0,0,1,0,0,37.93,0
10781.57,0.8371,1,0,1,2,0,0,522.42,1
2150.82,0.2126,0,0,0,2,0,0,372.92,0
29601.03,6.3786,1,0,0,6,1,2,4055.96,1
14179.55,0.8339,0,0,0,3,0,0,24.97,0
82421.57,12.2942,1,0,1,6,1,2,542.4,1
398.51,0.0738,0,0,0,2,0,0,298.98,0
13325.08,1.0551,0,0,0,2,0,0,135.61,0
50774.4,5.7914,1,0,0,3,1,2,2567.47,1
11728.55,0.6285,0,0,0,1,0,0,99.08,0
8145.23,1.2809,0,0,0,3,0,0,200.68,0
12307.65,2.7764,0,0,1,8,1,2,474.62,1
75645.79,9.1012,1,1,1,6,1,1,3819.18,1
11809.42,0.9486,0,0,0,2,0,0,93.05,0
41208.1,6.3728,1,1,1,6,1,3,858.54,1
11031.96,1.1963,0,0,0,1,0,0,221.48,0
27587.19,8.1164,1,0,0,2,1,3,1759.2,1
13444.02,1.4893,1,0,0,1,1,0,1137.64,1
56772.64,19.0438,0,1,1,5,0,3,476.84,1
11973.98,1.3468,0,0,0,1,1,0,104.98,0
3114.09,0.3245,0,0,0,2,0,2,118.1,0
87247.63,32.3672,1,1,1,6,0,3,2550.79,1
9318.44,2.2645,0,0,0,3,0,0,217.41,0
4896.18,0.5502,0,0,0,2,0,1,178.25,0
7121.64,2.0612,0,0,0,3,0,0,274.37,0
99575.39,10.4805,0,0,1,3,1,2,424.96,1
91010.65,9.7342,1,1,1,5,1,1,653.16,1
10571.64,1.4749,0,0,0,2,0,0,12.94,0
8930.61,0.7824,1,0,0,3,0,1,1247.83,1
21155.97,2.8937,0,1,0,7,1,3,146.02,1
8490.98,0.8732,1,1,1,4,0,2,915.25,1
26473.28,17.8392,1,1,1,3,0,1,2216.78,1
57948.67,14.022,0,1,0,3,1,2,131.29,1
13462.75,3.4563,0,0,0,2,0,0,239.3,0
8386.12,0.8489,0,0,1,3,0,0,90.71,1
4355.26,0.3087,0,0,1,2,0,0,236.98,1
47565.88,18.8199,1,1,0,2,1,3,4873.24,1
12341.71,0.6318,0,0,0,3,0,0,62.47,0
2881.81,0.4522,0,0,0,3,0,0,196.65,0
13297.64,1.6477,0,1,0,1,0,0,396.07,1
57045.84,12.2117,1,0,0,7,1,3,682.85,1
8440.82,2.5023,1,0,0,2,0,0,1402.84,1
1655.89,0.1545,0,0,0,3,0,0,152.53,0
3700.9,1.2238,0,1,0,1,0,0,236.26,1
3379.42,0.5573,0,0,0,2,0,2,84.23,0
14967.76,0.8179,1,0,0,1,0,2,1298.41,1
12757.81,0.7356,0,0,0,1,0,0,315.78,0
6783.03,0.7389,1,0,0,2,0,0,1071.64,1
4576.2,1.3481,1,0,0,9,0,2,519.1,1
11969.06,1.1944,0,0,0,2,0,0,314.13,0
13495.45,2.8486,0,0,0,1,1,2,344.81,0
9506.21,2.0251,1,0,0,2,0,1,1058.91,1
2316.68,0.1635,0,0,0,3,0,2,219.81,0
2047.73,0.2399,0,0,0,2,0,0,270.56,0
2840.82,0.2607,0,0,1,2,0,0,192.67,1
11405.58,1.8272,0,0,0,3,0,0,325.68,0
39742.32,10.8196,0,0,1,8,0,3,418.28,1
54238.89,5.744,1,0,1,4,0,3,593.29,1
12796.88,0.6595,0,0,0,1,0,0,363.46,0
5895.85,0.3253,0,0,0,3,0,0,172.82,0
4748.48,0.281,0,1,0,1,0,1,73.12,1
3698.99,0.3263,0,0,0,1,0,0,13.9,0
6528.53,1.3148,0,0,0,3,1,0,301.74,0
78928.96,34.0595,1,1,1,7,1,3,2553.62,1
54813.43,9.8133,0,0,1,3,1,3,228.59,1
4527.05,0.5522,0,0,0,2,1,0,289.52,0
8580.7,0.727,0,0,0,3,0,0,211.01,0
7335.56,0.6714,0,0,0,1,0,0,41.4,0
11489.55,0.665,0,0,0,3,0,0,372.41,0
2485.13,0.5332,0,0,0,3,1,0,288.15,0
3539.18,0.2031,0,0,0,1,0,0,232.09,0
14018.78,2.1172,0,0,0,2,0,0,137.36,0
37486.94,3.8163,0,0,1,8,0,3,14.42,1
9333.47,1.1873,0,0,0,1,0,0,312.4,0
1263.83,0.1231,0,1,0,1,0,1,359.48,1
11148.95,1.281,0,0,0,2,0,0,202.6,0
14462.91,0.7684,0,0,0,2,0,0,208.16,0
5983.51,0.4485,0,0,0,1,0,0,304.76,0
5748.39,1.8174,0,0,0,2,0,0,47.72,0
6422.64,0.3459,0,0,0,3,0,0,159.53,0
95813.63,9.7488,0,0,0,3,0,2,310.69,1
63274.4,27.0016,0,0,1,2,0,1,166.99,1
18907.1,3.6562,1,1,1,1,0,2,585.51,1
12240.46,0.6763,0,0,0,3,0,0,229.75,0
6538.33,0.528,0,0,0,2,0,2,320.94,0
4053.73,0.4705,0,0,0,1,0,0,79.83,0
11580.29,0.5963,0,0,0,3,0,0,189.48,0
42589.37,42.4973,1,1,1,9,0,1,2063.94,1
51160.48,17.444,0,1,0,3,1,2,442.06,1
4295.85,1.287,0,0,0,2,0,0,382.64,0
10364.11,0.569,0,0,0,3,0,0,294.05,0
49934.09,25.5516,1,0,0,5,0,2,998.15,1
5337.77,1.3094,1,0,0,1,0,0,532.5,1
3940.71,0.3649,0,0,0,2,0,0,197.57,0
4701.77,0.5624,0,0,0,2,0,0,274.73,0
7860.41,0.6029,0,0,0,3,0,0,389.16,0
16686.13,14.6532,1,0,0,9,1,1,504.3,1
1136.77,0.0994,0,0,0,1,0,0,124.28,0
11688.6,0.5963,0,0,0,3,0,0,56.32,0
13140.29,1.4761,0,0,1,1,0,0,173.35,1
31913.2,4.8742,1,1,1,2,1,1,4160.23,1
7076.57,0.3909,0,0,0,3,0,1,324.78,0
57730.88,25.8538,1,0,1,4,0,1,1747.95,1
8308.34,0.8323,0,0,0,3,0,0,392.38,0
46901.59,4.7942,1,1,1,1,0,2,594.14,1
13258.4,1.2137,0,0,0,3,0,0,379.04,0
59755.21,7.1528,1,0,0,5,0,2,938.55,1
2359.84,0.5371,0,0,0,3,0,1,331.33,0
6879.99,1.9796,0,0,0,3,0,0,308.18,0
3784.8,0.5457,1,0,0,2,0,0,528.66,1
11689.4,1.6306,0,0,0,2,0,0,5.06,0
10466.6,0.6478,0,0,0,2,0,0,171.19,0
53697.4,10.8649,1,0,0,3,0,3,3553.43,1
14024.32,0.9265,0,0,1,1,0,2,151.15,1
56011.01,24.9742,1,1,1,6,1,3,1836.54,1
13335.83,0.7956,0,0,0,3,0,0,183.3,0
57366.72,11.9223,1,1,0,2,1,3,677.16,1
11908.06,2.6084,0,0,0,1,0,0,320.39,0
9154.4,0.7689,1,0,0,3,1,0,673.94,1
10627.29,0.6672,0,0,0,3,0,0,369.7,0
47717.39,5.1178,0,1,1,1,0,2,298.14,1
4630.65,1.4722,0,0,0,3,0,0,34.97,0
3713.84,0.2657,0,0,0,3,0,0,359.49,0
12111.07,1.1598,0,0,0,1,0,0,319.93,0
14541.71,2.2886,1,0,0,1,0,0,1038.8,1
7294.78,1.189,0,0,0,2,1,0,135.39,0
6687.35,0.473,0,0,0,2,0,0,129.02,0
12389.55,0.6225,0,0,0,3,1,0,57.54,0
3005.95,0.6081,0,1,0,3,0,2,308.01,1
4748.38,0.258,0,0,1,2,0,0,85.95,1
1255.22,0.0752,0,0,0,2,0,0,167.47,0
13685.77,0.9007,0,0,0,2,0,0,95.78,0
5921.47,0.3696,0,0,0,1,0,0,138.4,0
94264.26,10.9781,0,0,0,1,1,2,289.27,1
52240.9,46.9398,1,1,0,5,0,3,1494.49,1
7089.63,0.6913,0,0,0,1,0,2,232.94,0
11617.06,0.8389,0,0,0,1,0,0,91.76,0
24450.08,6.4859,1,1,0,4,1,1,2862.42,1
14756.55,1.1617,0,0,0,1,0,0,220.63,0
5274.43,0.8535,0,0,0,1,0,2,271.92,0
5189.87,0.5008,0,0,0,2,0,0,67.24,0
6342.22,0.3903,0,0,0,2,0,0,393.02,0
13152.98,0.9065,0,0,0,2,0,0,85.27,0
355.51,0.0446,0,0,1,3,0,0,204.23,1
10190.13,0.6856,0,0,0,2,0,0,354.09,0
2198.35,0.2085,0,0,0,1,0,2,22.64,0
8660.61,1.036,0,0,0,2,0,0,98.49,0
50193.01,9.2389,1,1,1,5,0,2,786.99,1
3354.73,0.2745,0,0,0,3,0,0,279.0,0
12640.96,0.7702,0,0,0,3,0,1,214.25,0
7528.32,0.4209,0,0,0,2,0,0,316.69,0
7307.26,5.0828,1,1,0,4,0,2,3572.7,1
2451.23,0.2536,0,0,0,3,0,2,322.75,0
278.94,0.0229,0,0,0,1,0,0,365.68,0
9575.66,0.5876,0,1,0,1,1,0,249.93,1
9241.04,1.9973,0,0,0,2,0,0,100.44,0
8376.86,1.7404,1,0,0,1,0,2,1073.71,1
54007.78,6.2099,1,0,0,5,0,2,3171.94,1
1673.18,0.0843,0,0,0,3,0,0,79.42,0
11446.14,0.9988,0,0,0,2,1,0,271.05,0
14724.97,2.3049,0,0,0,3,0,1,343.77,0
73985.53,16.5797,1,0,0,1,1,2,687.13,1
11123.34,0.9156,0,0,0,3,0,0,370.43,0
3457.52,0.1767,0,0,0,3,1,0,363.87,0
32652.61,7.9863,1,1,1,9,0,2,3282.68,1
7568.48,1.0711,0,0,0,3,0,0,177.31,0
12263.38,0.7431,0,0,0,2,0,0,84.59,0
7834.47,0.467,0,0,0,2,0,0,280.64,0
10016.79,0.7153,0,0,0,1,0,0,157.94,0
86493.97,12.6975,1,1,1,6,1,3,599.42,1
12651.12,1.6142,0,0,0,2,0,0,49.29,0
429.89,0.036,0,0,0,1,0,2,45.73,0
8985.76,1.0152,0,0,0,2,0,0,29.48,0
13815.97,0.944,0,0,0,2,0,0,37.14,0
5978.63,1.4318,0,0,0,2,0,0,76.03,0
6620.9,1.4618,1,1,0,9,1,1,565.68,1
4923.37,0.4224,0,0,0,3,0,0,235.55,0
6923.0,1.3393,0,0,0,2,1,0,50.82,0
12518.73,0.8523,0,0,1,3,0,1,96.44,1
61646.55,45.8046,1,1,1,8,1,1,1853.54,1
8911.0,0.5876,0,0,0,3,1,0,334.31,0
27913.77,3.1032,0,1,0,1,0,2,411.32,1
40088.87,6.9111,1,1,1,6,1,1,4333.43,1
2634.51,0.3146,0,0,0,3,0,0,224.18,0
8534.11,2.2728,0,0,0,1,1,0,158.59,0
8250.24,1.1206,0,0,0,3,0,0,383.17,0
66758.12,25.3705,1,1,0,5,0,2,635.1,1
65210.92,14.0106,1,0,1,1,0,3,523.51,1
9175.32,0.5486,0,0,0,2,0,0,188.74,0
57924.2,8.3186,1,1,1,1,0,2,582.6,1
11660.34,2.6334,0,0,0,3,0,0,188.71,0
30365.41,3.9032,1,1,1,2,0,1,580.17,1
68779.96,7.3279,0,1,0,6,1,2,402.46,1
1245.06,0.1286,0,0,0,2,0,0,187.96,0
36344.7,7.8988,1,1,1,3,0,3,3225.93,1
14339.46,0.8165,0,1,0,3,0,1,39.47,1
2007.44,0.1814,0,0,0,2,0,2,178.37,0
13426.41,3.3802,0,0,0,2,0,0,227.62,0
14268.58,2.1881,0,0,0,2,0,0,296.95,0
58254.49,7.1832,1,1,1,7,1,3,1926.24,1
6332.01,0.4255,1,0,0,3,0,0,1210.43,1
5664.68,0.3624,0,0,0,1,0,0,172.09,0
6795.55,0.5969,0,0,0,2,0,0,63.59,0
7288.83,0.4368,0,0,0,1,0,0,370.55,0
49680.71,45.3662,1,1,1,6,0,3,2846.48,1
16776.39,5.264,1,0,1,4,1,1,2983.47,1
8487.68,0.9446,0,0,0,3,0,0,35.65,0
11953.89,0.748,0,0,0,3,0,0,35.41,0
3219.78,0.4036,0,0,0,1,1,2,105.7,0
3029.15,0.1648,0,0,0,3,1,0,218.12,0
57896.0,5.821,1,0,0,6,1,3,4905.9,1
10717.83,1.0521,0,1,0,3,0,0,323.88,1
9653.87,0.5162,0,0,0,3,0,0,72.31,0
14053.5,1.6738,0,0,0,2,0,0,29.53,0
11309.43,1.206,0,0,0,2,0,0,162.83,0
5971.49,0.4905,0,0,0,1,1,0,295.52,0
10494.76,0.7113,0,0,0,1,0,0,314.24,0
9528.28,0.4832,0,0,0,2,0,0,64.15,0
10511.03,1.8252,0,0,0,1,0,0,68.51,0
10068.26,1.0844,0,1,0,2,0,1,353.95,1
9619.28,1.541,0,0,0,1,0,0,186.45,0
5122.36,1.4504,0,1,0,3,0,0,56.75,1
280.85,0.0248,0,0,0,1,0,0,367.28,0
8043.79,0.7229,0,1,0,1,0,0,228.78,1
57378.73,42.0457,0,0,1,5,0,2,378.84,1
13897.27,2.0735,0,0,0,1,1,0,282.92,0
2596.34,0.7169,0,0,0,7,0,3,224.11,1
30473.95,4.6134,1,1,0,3,1,3,802.22,1
9826.99,1.4147,0,0,0,2,0,0,342.09,0
4679.85,0.317,0,0,0,2,0,0,60.59,0
6736.48,1.4769,0,0,0,2,0,0,65.48,0
8972.99,0.5857,0,0,0,1,0,0,24.15,0
10432.58,0.6101,0,1,0,2,0,2,130.3,1
7562.96,1.2003,0,0,0,1,0,1,346.57,0
9614.02,0.5262,0,0,0,2,0,0,296.33,0
2844.29,0.158,0,0,0,1,0,0,154.99,0
14972.22,2.7285,1,1,0,4,1,1,1987.68,1
9344.98,0.864,0,0,0,3,1,0,121.42,0
14085.14,0.9872,0,0,0,1,0,0,306.34,0
9630.7,2.6824,0,0,0,1,0,0,211.21,0
5522.69,0.3171,0,0,0,3,1,1,52.18,0
13677.55,2.983,0,0,0,2,1,0,360.92,0
8996.76,0.7953,0,0,0,3,0,0,148.55,0
4671.89,0.9871,0,0,0,1,1,1,139.55,0
7472.17,1.2109,1,0,0,3,0,0,1091.74,1
8601.24,0.4797,0,0,0,1,0,0,66.79,0
69913.42,12.6326,0,0,1,4,1,1,165.11,1
33182.91,6.872,0,0,0,8,1,1,366.15,1
11228.86,1.7474,0,0,0,2,0,0,386.65,0
10246.57,0.8267,0,0,0,2,1,0,294.28,0
6985.51,0.6794,0,0,0,3,0,0,109.43,0
13155.73,0.7299,0,0,1,1,0,2,171.34,1
1531.53,0.0891,0,0,0,2,0,0,184.2,0
9077.42,0.6539,0,0,0,3,0,0,160.55,0
97926.87,22.3204,1,1,1,5,1,3,4132.53,1
10787.9,1.0172,0,0,0,3,0,0,206.81,0
3046.74,0.18,0,0,0,2,0,0,325.23,0
2284.44,0.2438,1,1,0,5,1,1,759.71,1
8288.35,0.5074,0,0,0,2,0,0,261.42,0
4550.39,0.9052,0,0,0,1,1,0,11.41,0
14076.08,2.0236,0,0,0,1,0,0,317.24,0
10317.33,0.6869,0,0,0,3,0,0,352.3,0
3336.78,0.2098,0,0,0,3,0,0,369.08,0
14242.84,1.5954,0,0,0,3,0,0,216.0,0
17180.77,1.7777,1,1,0,4,1,1,889.11,1
6868.01,0.3795,0,0,0,2,1,0,139.49,0
11195.87,1.0447,0,0,0,2,1,0,308.58,0
9676.85,2.7149,1,0,0,1,0,0,599.85,1
11857.44,1.3477,0,0,0,2,0,0,351.67,0
69887.99,12.8334,1,1,1,4,1,2,696.15,1
35926.81,9.4502,0,1,1,1,0,1,111.97,1
45064.66,28.4524,0,0,1,7,1,2,435.94,1
9787.33,0.5546,0,0,0,1,0,0,325.52,0
4556.3,0.4262,0,0,0,1,0,0,321.02,0
62380.82,44.2636,1,1,1,9,0,2,3219.48,1
57491.66,17.5782,0,1,0,7,1,2,355.33,1
50996.03,5.4089,1,1,1,7,1,2,4979.07,1
1495.21,0.2451,1,0,0,3,0,0,1006.41,1
8070.08,0.7466,0,0,0,1,1,0,67.15,0
4390.25,0.559,0,0,0,1,1,0,197.41,0
12830.9,0.9873,0,0,0,1,0,2,159.07,0
31957.09,10.0088,1,1,0,2,0,3,1143.58,1
11866.52,2.4821,0,0,0,1,0,0,163.28,0
20573.52,5.7312,0,1,1,5,0,3,423.86,1
5585.19,1.5238,0,0,0,1,1,0,355.35,0
10593.94,0.6783,0,0,0,2,0,0,134.77,0
7423.22,0.4604,1,0,0,1,1,0,616.69,1
27350.77,10.0866,0,0,0,8,1,1,35.73,1
4044.47,0.4883,0,0,0,2,0,0,95.09,0
7059.85,0.4106,0,0,0,1,1,0,63.67,0
4652.41,0.6889,0,0,0,1,1,0,208.72,0
213.11,0.0167,0,0,0,3,0,0,298.03,0
3297.57,0.5224,0,0,0,3,0,0,318.22,0
3197.5,0.2608,1,1,1,3,0,0,1292.23,1
214.0,0.0152,0,0,0,2,1,0,261.01,0
13081.68,0.8135,0,0,0,3,0,1,388.92,0
55197.31,7.6039,1,1,1,7,1,3,3377.39,1
11388.0,0.9541,0,0,0,1,0,2,303.01,0
68804.96,9.5607,1,0,1,1,1,2,672.02,1
4095.22,0.4581,0,0,0,8,1,3,160.65,1
6278.29,0.342,0,0,0,1,0,0,50.0,0
13078.11,0.9359,1,0,0,3,0,0,782.06,1
4387.54,0.7851,0,0,0,3,0,0,237.7,0
7132.91,0.4303,0,0,0,1,0,0,63.42,0
3816.82,0.4554,1,0,0,3,0,2,1310.34,1
3187.0,0.5588,0,1,0,3,0,0,116.23,1
14176.16,2.8867,0,0,1,2,0,1,76.96,1
13322.37,0.6801,0,0,0,3,0,0,226.29,0
11690.73,0.9415,0,0,0,3,0,0,130.73,0
6650.3,0.4736,0,0,0,1,0,0,261.34,0
14804.24,2.0444,0,0,0,1,0,0,184.8,0
41905.69,4.2288,1,1,1,6,0,2,3405.94,1
10680.65,2.7002,0,0,0,3,0,0,305.86,0
48446.5,7.6429,1,1,1,5,1,2,1540.1,1
6477.91,0.7583,0,0,1,3,0,0,52.42,1
2775.13,0.268,0,0,0,3,0,0,381.23,0
66690.01,7.1029,1,1,1,6,1,1,661.32,1
12872.24,3.2018,0,1,0,3,0,0,313.89,1
20104.84,17.8083,0,0,1,8,1,3,241.4,1
4786.9,0.3477,0,0,0,3,1,0,263.37,0
5128.37,0.5406,0,0,0,2,0,0,371.11,0
8320.47,0.6174,0,0,0,1,0,1,286.14,0
56778.11,17.0629,1,0,0,4,1,2,653.66,1
54549.73,12.1962,0,1,0,5,1,1,313.32,1
4473.57,0.8077,0,0,0,2,0,0,166.08,0
4897.55,1.3241,0,1,0,3,1,0,5.13,1
3594.51,0.5653,0,0,0,1,0,1,282.74,0
14557.38,1.6431,0,0,0,1,0,0,217.21,0
14783.98,1.3533,0,0,0,1,0,0,70.96,0
7777.3,0.3946,0,0,0,3,0,0,233.41,0
11273.16,0.5906,0,0,0,1,0,0,348.82,0
6361.47,1.4134,0,0,0,1,0,0,61.87,0
2086.8,0.1754,0,0,0,2,0,0,221.34,0
9290.89,1.5657,0,0,1,3,1,0,192.99,1
6512.85,0.6078,0,0,0,1,1,0,358.37,0
10651.46,0.656,0,1,0,1,0,1,160.98,1
9291.03,1.8599,1,1,1,6,0,1,4515.77,1
12562.3,1.1713,0,0,0,2,0,0,213.56,0
13625.85,2.7103,1,1,0,5,1,3,3616.91,1
12715.84,2.2359,0,0,1,2,0,0,313.96,1
5371.16,1.7783,1,1,1,4,1,1,837.83,1
7915.71,0.469,0,0,0,2,0,0,160.13,0
35101.39,4.6673,1,1,1,3,1,2,542.66,1
11092.71,1.9985,0,0,0,2,0,0,84.93,0
75533.83,8.4133,1,1,1,6,1,3,3529.34,1
6964.41,1.7118,0,0,0,2,0,2,217.93,0
50584.34,25.2423,0,1,0,1,1,1,259.61,1
4191.12,0.4226,1,0,0,3,1,0,1022.71,1
12140.67,0.7057,0,1,0,3,0,0,7.0,1
11402.47,0.9282,0,1,0,1,0,0,206.67,1
14132.13,8.4547,1,1,0,3,1,3,963.69,1
9448.94,3.1451,0,0,0,2,0,2,298.74,0
4552.42,0.5344,0,0,0,2,0,0,358.35,0
22998.37,2.7507,1,1,1,5,1,3,829.2,1
6599.49,0.3773,0,1,1,3,0,0,255.88,1
79021.62,17.0784,1,1,1,1,0,2,705.02,1
3305.44,0.267,0,0,0,2,0,0,399.46,0
3932.48,0.4365,0,0,0,1,0,0,228.72,0
13559.39,1.2089,0,0,0,3,0,0,196.72,0
427.36,0.0222,0,0,0,2,0,0,315.55,0
63353.73,6.4717,1,1,1,7,0,1,3290.87,1
51525.13,7.8703,0,0,0,2,1,1,16.61,1
75869.58,11.1739,0,0,0,3,1,2,24.25,1
13522.47,0.8889,0,0,1,3,0,0,234.95,1
14353.85,0.9087,0,0,1,3,1,0,331.83,1
67443.06,9.0433,1,1,1,1,1,2,729.35,1
63044.42,7.1173,1,1,0,2,1,1,663.81,1
927.65,0.1678,0,0,0,2,0,0,295.76,0
4992.52,0.4385,0,0,0,2,0,0,382.26,0
5412.97,0.7783,0,0,0,2,0,0,368.49,0
8714.3,2.2379,0,0,0,1,0,0,255.34,0
6495.33,0.3261,0,0,0,2,0,0,37.19,0
2826.3,0.1689,0,0,0,3,0,1,77.29,0
7637.42,1.8819,1,0,0,2,0,0,677.94,1
8508.68,0.4848,0,0,0,3,0,0,259.49,0
14458.88,1.4746,0,0,0,2,0,0,281.43,0
13185.42,0.6852,0,1,0,2,0,0,17.04,1
16201.66,1.8116,0,0,1,8,0,1,304.01,1
56976.21,9.0955,1,0,0,5,1,1,2830.9,1
7658.56,0.5087,0,0,0,2,0,0,39.91,0
566.93,0.1178,0,0,0,3,0,0,236.56,0
1494.48,0.2321,0,0,0,2,0,0,296.33,0
12115.29,0.8495,0,0,0,1,0,0,150.38,0
1858.01,0.1235,0,0,0,2,0,0,40.53,0
12215.95,1.5174,0,0,0,3,0,0,266.76,0
12173.95,2.1524,0,0,1,3,0,0,267.39,1
6466.86,0.331,0,0,0,2,0,0,101.59,0
8808.29,0.6617,0,0,0,3,0,0,338.82,0
14499.88,1.5811,0,0,1,3,0,0,359.05,1
53796.24,21.8176,1,1,0,4,0,1,3946.45,1
13879.31,2.3772,0,0,0,1,0,0,25.29,0
5688.12,0.6137,0,0,0,2,0,0,178.96,0
2877.61,0.5706,0,0,0,3,0,2,375.77,0
14675.53,1.3328,0,0,0,2,0,0,80.83,0
3429.07,0.4149,0,0,0,3,0,0,89.68,0
14066.36,2.42,0,0,0,2,0,0,97.7,0
51790.19,5.7483,1,1,1,6,0,3,1826.49,1
1647.98,0.4642,0,0,1,2,0,0,338.26,1
13347.22,1.2546,0,0,0,1,0,0,346.31,0
1540.81,0.0785,0,0,0,3,0,0,251.79,0
15456.92,1.8796,1,1,0,6,0,2,1997.35,1
12540.52,1.5394,0,0,0,3,0,2,313.85,0
5767.13,0.9395,0,0,0,1,1,0,82.71,0
58045.01,32.9653,1,0,1,1,1,1,744.25,1
8407.11,2.3364,0,0,0,1,0,0,174.83,0
11239.9,0.644,0,0,0,1,0,0,221.75,0
8142.64,0.9963,0,0,0,2,0,0,26.31,0
76459.19,21.1854,1,1,0,4,1,1,768.38,1
11231.58,1.6201,0,0,0,3,0,0,14.32,0
6892.75,1.8834,0,0,0,3,0,0,36.24,0
3839.49,0.6771,0,0,0,1,0,0,0.71,0
8650.56,1.5713,0,0,0,2,0,0,164.04,0
14286.65,1.1361,0,0,0,3,0,0,320.57,0
2263.65,0.2843,0,0,1,3,0,2,12.02,1
5561.11,0.8092,0,0,0,1,0,0,291.57,0
13484.26,0.6913,0,0,0,3,0,1,388.77,0
76604.07,20.0893,1,1,1,7,0,2,4142.84,1
9666.0,0.8912,0,0,0,2,0,0,88.93,0
1133.34,0.2909,0,0,0,2,0,0,118.31,0
8542.37,0.5581,0,0,0,2,0,2,152.6,0
11286.77,2.0726,0,0,0,2,0,0,32.13,0
12786.36,5.7388,0,0,1,7,0,3,116.73,1
13556.97,1.3885,0,0,0,3,0,0,341.46,0
8399.4,0.7034,0,0,0,3,0,0,61.84,0
12316.24,0.6344,0,0,0,2,0,0,237.82,0
49543.49,7.209,1,0,1,5,0,1,3880.44,1
67109.31,11.7556,1,1,0,4,1,3,791.45,1
16201.27,3.668,1,1,0,1,1,2,960.86,1
4929.9,0.4275,0,0,0,2,0,0,92.87,0
3080.73,0.2467,0,0,0,1,0,0,14.72,0
30242.05,29.9333,0,1,0,8,1,1,177.22,1
11679.58,1.0068,0,0,0,3,0,0,290.12,0
49847.25,14.5466,0,1,0,1,0,2,29.77,1
2936.25,0.3291,0,0,0,1,0,0,86.97,0
80895.56,11.6698,1,1,0,5,1,1,555.51,1
7450.05,0.5355,0,0,0,1,0,0,216.28,0
51782.12,19.033,1,1,1,5,0,1,565.47,1
14893.6,1.0587,0,0,0,3,0,0,81.53,0
1855.33,0.4073,0,0,0,1,0,0,56.14,0
9375.0,0.8452,0,0,0,1,0,0,94.06,0
2206.25,0.2115,0,0,1,2,0,0,87.98,1
10109.41,1.2696,0,0,0,1,0,0,44.17,0
2203.01,0.2299,0,0,0,2,0,0,394.05,0
5630.78,1.6642,0,1,0,3,0,0,10.54,1
14792.47,2.0197,0,0,1,1,0,1,300.07,1
4847.96,0.2979,0,0,0,3,0,0,180.46,0
56518.83,24.4493,1,0,1,3,1,1,1383.44,1
35863.79,8.3326,0,0,1,8,0,2,226.58,1
13295.21,1.1199,0,0,0,1,0,0,81.0,0
10530.51,1.9051,0,0,0,1,0,0,120.62,0
3664.96,0.5459,0,0,0,8,1,1,159.46,1
51735.74,9.322,1,1,0,3,0,1,4154.78,1
35268.03,3.7238,1,1,1,9,0,1,2953.9,1
73922.36,10.1883,0,0,1,2,0,3,448.96,1
13569.24,0.7527,0,0,0,1,0,0,257.26,0
10441.02,0.5442,0,0,0,2,1,0,98.55,0
11909.61,1.0447,0,0,0,2,0,0,218.46,0
29708.37,5.1663,0,1,0,3,0,2,153.96,1
1417.99,0.0921,0,0,0,2,1,1,264.59,0
1722.34,0.1594,0,0,0,2,0,0,11.09,0
12811.24,0.8288,0,0,0,1,0,0,347.12,0
3516.85,0.617,0,0,0,2,0,0,283.16,0
57326.02,10.8648,1,1,0,1,1,1,628.08,1
5585.64,0.3607,0,0,0,2,0,2,7.23,0
3819.34,0.2026,1,0,0,2,0,0,701.34,1
64781.42,11.584,1,1,1,9,1,3,2578.93,1
7699.88,1.8109,1,1,0,6,1,1,4357.72,1
1579.81,0.2585,0,0,1,7,0,1,36.79,1
14830.67,3.4908,0,0,0,2,1,1,17.23,0
8116.53,0.4527,0,0,0,1,0,0,304.81,0
8568.58,0.5868,0,0,0,3,0,0,250.6,0
14327.76,0.7481,0,0,0,1,0,2,203.84,0
59929.78,10.6252,1,0,0,5,1,2,4788.78,1
6318.39,0.3235,0,0,0,3,1,0,6.2,0
7107.83,0.6838,0,0,0,2,1,0,309.53,0
81924.83,9.4509,1,1,1,8,0,3,4688.84,1
7254.58,0.5503,0,0,0,2,0,0,191.85,0
9477.5,0.5781,0,0,0,2,1,0,77.25,0
37189.29,6.9484,0,0,0,9,1,3,176.35,1
1884.7,0.3263,0,0,0,3,0,1,325.37,0
12260.27,0.8151,0,0,1,3,0,0,114.26,1
5155.76,0.4294,0,1,0,2,0,1,140.17,1
64118.78,6.5833,1,1,1,9,1,3,4335.63,1
29714.29,3.1308,1,1,0,9,1,2,550.52,1
9862.21,0.7678,0,0,0,2,0,0,64.55,0
53181.6,8.002,1,1,1,5,0,2,627.8,1
20322.69,2.4885,1,1,1,3,1,1,676.77,1
5547.04,0.5904,0,0,0,3,0,0,182.52,0
11844.26,0.7813,0,1,0,1,0,0,3.83,1
9431.22,0.526,0,0,0,1,0,2,91.09,0
70337.71,7.0446,0,0,1,3,1,3,438.17,1
50894.59,7.1958,1,1,1,9,1,2,2814.33,1
4262.41,0.2761,0,0,0,1,0,0,94.99,0
13830.96,2.7529,0,0,0,3,0,0,133.42,0
14125.22,1.0358,0,0,0,3,0,0,271.88,0
13557.78,4.039,0,0,0,1,0,0,372.46,0
4507.0,0.6338,0,0,0,3,0,2,110.24,0
45738.27,18.3019,1,1,1,1,1,3,658.78,1
2094.71,0.1237,0,0,0,1,0,0,211.03,0
1658.84,0.1122,0,0,0,2,0,0,39.21,0
4027.26,0.2527,0,0,0,1,0,1,27.07,0
18513.78,3.5482,1,1,1,5,1,1,541.91,1
6504.7,1.1786,0,0,0,1,0,0,256.49,0
11297.67,1.8585,0,0,0,3,0,0,32.38,0
79602.25,9.0065,1,1,1,5,1,2,649.07,1
10479.44,0.5538,0,0,0,1,0,0,75.78,0
5085.21,0.2615,0,0,0,3,1,0,55.94,0
3199.9,0.1788,0,0,0,3,0,0,355.72,0
78368.19,9.8641,1,1,1,9,0,3,4491.32,1
10027.32,1.3368,0,0,0,3,0,0,237.05,0
8252.02,0.4588,0,0,0,2,0,2,24.44,0
2301.15,0.1373,0,0,0,2,0,0,283.48,0
2151.29,0.3004,0,0,0,2,0,0,88.0,0
14678.36,0.9869,0,0,0,1,1,1,286.54,0
4990.21,0.4556,0,0,0,3,0,0,364.71,0
12093.41,0.6146,0,1,1,1,0,1,338.04,1
7437.81,1.1606,0,0,0,1,0,0,214.52,0
2475.96,0.2134,0,0,0,3,0,2,18.61,0
1269.92,0.0984,0,1,0,1,0,0,0.34,1
8829.8,0.5385,0,0,0,1,0,2,95.06,0
1515.16,0.1742,0,0,0,1,0,0,333.69,0
9935.78,0.6421,0,0,0,1,0,0,173.03,0
11719.65,0.8136,0,0,0,1,1,1,324.72,0
34984.56,7.1882,1,1,1,8,0,1,554.84,1
9936.8,1.1543,0,0,0,3,0,0,43.03,0
9049.55,1.1945,1,1,0,7,0,3,548.35,1
11554.07,0.7275,0,0,0,2,0,0,179.65,0
70031.3,16.3404,1,1,1,8,1,3,3746.89,1
48975.66,11.9183,1,1,1,5,1,3,1524.8,1
12492.64,0.7141,0,0,0,3,0,0,194.51,0
14752.18,4.2967,0,0,0,1,0,1,105.58,0
407.86,0.0878,0,0,0,3,0,0,263.88,0
10870.53,0.6364,0,0,0,1,0,0,273.53,0
6434.03,1.0739,0,0,0,2,0,0,94.08,0
65870.71,9.1929,1,1,1,7,0,1,3978.19,1
3741.05,0.2402,1,0,0,2,0,0,637.94,1
88005.49,14.7152,1,1,1,5,1,3,1093.04,1
13565.61,3.0894,0,0,0,2,0,0,5.63,0
6353.45,0.4497,0,0,0,3,0,0,290.94,0
46795.66,19.1597,0,1,0,9,1,1,477.96,1
46732.52,5.1997,1,1,1,7,1,2,1657.1,1
82892.7,18.4383,0,0,0,1,0,3,294.82,1
10652.68,1.347,1,1,0,1,1,1,750.83,1
84500.73,17.1544,1,1,1,7,1,3,4803.85,1
13905.53,3.4139,0,0,0,1,0,0,57.85,0
13700.1,1.0264,0,0,0,2,0,0,45.46,0
9576.43,0.5018,0,0,0,3,0,0,395.62,0
1582.14,0.1114,0,0,0,3,0,0,4.17,0
67560.39,49.5665,1,1,1,8,1,3,3633.08,1
12421.96,3.9278,0,1,0,3,0,0,228.58,1
5642.13,1.2822,0,0,0,1,1,0,236.98,0
10661.97,0.5505,0,0,0,3,1,1,34.07,0
5686.72,1.0806,1,0,0,2,0,0,1250.74,1
72638.08,10.2834,1,0,1,6,0,3,622.39,1
7630.77,0.91,0,0,0,3,0,2,12.81,0
10575.65,0.5527,0,0,0,1,0,0,277.58,0
8568.49,1.7678,0,0,0,2,0,0,97.08,0
78309.99,10.6912,0,0,0,3,0,2,209.53,1
8106.45,0.7468,0,0,0,1,1,0,122.29,0
53907.48,6.4511,1,1,1,4,0,1,4953.05,1
77411.25,14.0711,0,1,1,5,0,2,431.6,1
12346.57,1.3163,0,0,0,1,0,0,158.12,0
12688.86,0.7539,0,0,0,3,0,0,326.01,0
5031.96,0.3329,0,0,0,2,0,1,64.14,0
9275.95,1.0671,0,0,0,3,0,0,185.35,0
1425.14,0.1591,0,0,1,3,1,0,222.67,1
1840.5,0.1968,0,0,0,2,0,0,352.49,0
2140.05,0.1397,0,0,0,3,0,0,280.85,0
4502.51,0.3238,0,0,0,3,0,0,192.08,0
85556.55,47.3613,1,1,1,8,1,2,3820.92,1
4261.38,0.491,0,0,0,1,0,0,40.97,0
8851.07,0.6975,0,0,0,2,0,0,268.15,0
5719.04,0.8486,0,0,0,1,0,0,249.61,0
2375.71,0.2586,0,0,0,2,0,0,339.44,0
7815.04,0.5512,0,0,0,2,0,0,11.44,0
19455.03,2.0248,1,1,0,5,0,3,815.21,1
9343.03,2.7135,0,0,0,2,0,0,61.98,0
80560.73,8.9482,1,0,0,5,1,3,798.16,1
3323.17,0.2865,1,0,0,1,0,1,1447.08,1
83704.24,36.786,1,1,1,8,1,3,4958.05,1
528.69,0.1762,0,0,0,3,0,0,341.11,0
12720.28,1.4836,0,0,0,1,1,0,18.04,0
1464.18,0.3703,0,1,0,3,0,0,382.62,1
13898.31,0.8382,1,0,0,1,0,0,1306.74,1
92376.75,23.0943,1,0,0,6,0,2,689.57,1
57155.46,8.2055,1,1,1,8,0,1,2765.82,1
13682.89,1.2866,0,0,0,2,0,0,186.21,0
3339.51,0.4909,0,0,0,1,0,0,234.71,0
